ALTER SEQUENCE comment_comment_id_seq RESTART WITH 1;
ALTER SEQUENCE topic_topic_id_seq RESTART WITH 1;
ALTER SEQUENCE user_entity_user_id_seq RESTART WITH 1;
ALTER SEQUENCE actor_actor_id_seq RESTART WITH 1;
ALTER SEQUENCE director_director_id_seq RESTART WITH 1;
ALTER SEQUENCE movie_movie_id_seq RESTART WITH 1;


INSERT INTO role (role_name) VALUES ('USER') ON CONFLICT (role_id) DO NOTHING;
INSERT INTO role (role_name) VALUES  ('ADMIN') ON CONFLICT (role_id) DO NOTHING;
INSERT INTO role (role_name) VALUES  ('MODERATOR') ON CONFLICT (role_id) DO NOTHING;

INSERT INTO user_entity (user_id, username, email, password, is_enabled, registered_at)
VALUES (1, 'Admin','admin@admin.pl', '{noop}Admin123!', true, '2024-12-12 00:00:00')
ON CONFLICT (email) DO NOTHING;


INSERT INTO user_roles (user_id, role_id)
SELECT u.user_id, 2
FROM user_entity u
WHERE u.email = 'admin@admin.pl'
ON CONFLICT (user_id, role_id) DO NOTHING;

INSERT INTO actor (first_name, last_name, date_of_birth, country, biography, created_at, created_by) VALUES
('Liam', 'Smith',   '1985-03-12', 'United Kingdom', 'Known and respected actor with over 30 years of experience.', NOW(), 'Admin'),
('Liam', 'Anderson',   '1985-03-12', 'United Kingdom', 'Actor known for dramatic roles and stage experience.', NOW(), 'Admin'),
('Olivia', 'Kowalska', '1990-07-24', 'Poland',         'Versatile actress appearing in independent films and TV series.', NOW(), 'Admin'),
('Noah', 'Garcia',     '1978-11-02', 'Spain',          'Award-winning supporting actor with a long theatre career.', NOW(), 'Admin'),
('Emma', 'Dubois',     '1988-01-15', 'France',         'Comedic actress, also active as a voice actor in animation.', NOW(), 'Admin'),
('William', 'Nguyen',  '1975-05-30', 'Vietnam',        'Character actor, often cast in historical dramas.', NOW(), 'Admin'),
('Ava', 'Smith',       '1995-09-10', 'United States',  'Rising star with notable indie film appearances.', NOW(), 'Admin'),
('James', 'Brown',     '1982-06-21', 'Canada',         'Known for action roles and stunt coordination experience.', NOW(), 'Admin'),
('Isabella', 'Rossi',  '1992-12-03', 'Italy',          'Stage and screen actress praised for emotional range.', NOW(), 'Admin'),
('Oliver', 'Müller',   '1980-02-28', 'Germany',        'Frequent collaborator with notable European directors.', NOW(), 'Admin'),
('Sophia', 'Silva',    '1979-08-14', 'Portugal',       'Veteran actress with decades of television credits.', NOW(), 'Admin'),
('Benjamin', 'Lee',    '1987-04-06', 'South Korea',    'Actor with strong background in musical theatre.', NOW(), 'Admin'),
('Mia', 'Hansen',      '1993-10-19', 'Denmark',        'Known for subtle dramatic performances and festival hits.', NOW(), 'Admin'),
('Lucas', 'Petrov',    '1984-09-05', 'Russia',         'Often plays complex protagonists in arthouse films.', NOW(), 'Admin'),
('Charlotte', 'Ivanova','1991-01-30','Bulgaria',       'Awarded for supporting roles and humanitarian work.', NOW(), 'Admin'),
('Henry', 'Martinez',  '1972-07-08', 'Mexico',         'Seasoned actor with extensive filmography across genres.', NOW(), 'Admin'),
('Amelia', 'Nowak',    '2000-05-22', 'Poland',         'Young talent, breakout performance in recent drama.', NOW(), 'Admin'),
('Ethan', 'Khan',      '1989-11-17', 'Pakistan',       'Stage-trained actor transitioning successfully to film.', NOW(), 'Admin'),
('Harper', 'Wong',     '1994-03-03', 'Singapore',      'Noted for strong screen presence and international projects.', NOW(), 'Admin'),
('Alexander', 'O''Connor','1977-02-11','Ireland',      'Classic trained actor, frequent lead in period pieces.', NOW(), 'Admin'),
('Emily', 'Adams',     '1986-12-25', 'Australia',      'Actress with range from comedy to heavy drama.', NOW(), 'Admin')
ON CONFLICT DO NOTHING;

INSERT INTO director (first_name, last_name, date_of_birth, country, biography, created_at, created_by) VALUES
('Steven', 'Spielberg', '1946-12-18', 'USA', 'Legendary American filmmaker known for Jaws, E.T., Jurassic Park and Schindler''s List.', NOW(), 'Admin'),
('Christopher', 'Nolan', '1970-07-30', 'UK', 'British-American director famous for The Dark Knight trilogy, Inception and Interstellar.', NOW(), 'Admin'),
('Martin', 'Scorsese', '1942-11-17', 'USA', 'American director and screenwriter, known for Taxi Driver, Goodfellas and The Irishman.', NOW(), 'Admin'),
('Quentin', 'Tarantino', '1963-03-27', 'USA', 'American filmmaker acclaimed for Pulp Fiction, Kill Bill and Once Upon a Time in Hollywood.', NOW(), 'Admin'),
('James', 'Cameron', '1954-08-16', 'Canada', 'Canadian director famous for Titanic, Avatar and The Terminator.', NOW(), 'system'),
('Ridley', 'Scott', '1937-11-30', 'UK', 'British filmmaker best known for Alien, Blade Runner and Gladiator.', NOW(), 'system'),
('Peter', 'Jackson', '1961-10-31', 'New Zealand', 'New Zealand director, screenwriter and producer of The Lord of the Rings trilogy.', NOW(), 'system'),
('Francis', 'Coppola', '1939-04-07', 'USA', 'American director and screenwriter, famous for The Godfather trilogy and Apocalypse Now.', NOW(), 'system'),
('Clint', 'Eastwood', '1930-05-31', 'USA', 'Actor and filmmaker known for Unforgiven, Million Dollar Baby and American Sniper.', NOW(), 'system'),
('George', 'Lucas', '1944-05-14', 'USA', 'American filmmaker and creator of the Star Wars and Indiana Jones franchises.', NOW(), 'system'),
('Guillermo', 'del Toro', '1964-10-09', 'Mexico', 'Mexican director and writer, known for Pan''s Labyrinth and The Shape of Water.', NOW(), 'system'),
('Denis', 'Villeneuve', '1967-10-03', 'Canada', 'Canadian director of Arrival, Blade Runner 2049 and Dune.', NOW(), 'system'),
('Wes', 'Anderson', '1969-05-01', 'USA', 'American director recognized for his distinctive style in The Grand Budapest Hotel.', NOW(), 'system'),
('David', 'Fincher', '1962-08-28', 'USA', 'American filmmaker known for Fight Club, Seven and The Social Network.', NOW(), 'system'),
('Stanley', 'Kubrick', '1928-07-26', 'USA', 'Iconic director of 2001: A Space Odyssey, A Clockwork Orange and The Shining.', NOW(), 'system'),
('Akira', 'Kurosawa', '1910-03-23', 'Japan', 'Legendary Japanese filmmaker known for Seven Samurai and Rashomon.', NOW(), 'system'),
('Hayao', 'Miyazaki', '1941-01-05', 'Japan', 'Japanese animator and director, co-founder of Studio Ghibli.', NOW(), 'system'),
('Roman', 'Polanski', '1933-08-18', 'Poland', 'Polish-French director known for Rosemary''s Baby and The Pianist.', NOW(), 'system'),
('Lars', 'von Trier', '1956-04-30', 'Denmark', 'Danish director known for Melancholia, Dogville and Dancer in the Dark.', NOW(), 'system'),
('Ingmar', 'Bergman', '1918-07-14', 'Sweden', 'Swedish director widely regarded as one of the greatest filmmakers of all time.', NOW(), 'system')
ON CONFLICT DO NOTHING;

INSERT INTO movie (title, description, release_date, category, created_at, created_by) VALUES
('The Shawshank Redemption', 'Drama about hope and friendship in a prison.', '1994-09-22', 'DRAMA', NOW(), 'system'),
('The Godfather', 'Crime saga of the Corleone family.', '1972-03-24', 'DRAMA', NOW(), 'system'),
('The Dark Knight', 'Batman faces the Joker in Gotham City.', '2008-07-18', 'ACTION', NOW(), 'system'),
('Pulp Fiction', 'Interwoven stories of crime in Los Angeles.', '1994-10-14', 'DRAMA', NOW(), 'system'),
('Forrest Gump', 'A simple man witnesses key historical events.', '1994-07-06', 'DRAMA', NOW(), 'system'),
('Inception', 'A thief enters dreams to steal secrets.', '2010-07-16', 'SCIENCE', NOW(), 'system'),
('Fight Club', 'A man creates a secret fight club.', '1999-10-15', 'DRAMA', NOW(), 'system'),
('The Matrix', 'A hacker discovers reality is a simulation.', '1999-03-31', 'SCIENCE', NOW(), 'system'),
('Goodfellas', 'The rise and fall of mob associate Henry Hill.', '1990-09-19', 'DRAMA', NOW(), 'system'),
('The Lord of the Rings: The Fellowship of the Ring', 'A hobbit begins his quest to destroy the One Ring.', '2001-12-19', 'FANTASY', NOW(), 'system'),
('The Silence of the Lambs', 'FBI trainee seeks help from a cannibal to catch a killer.', '1991-02-14', 'THRILLER', NOW(), 'system'),
('Se7en', 'Detectives hunt a serial killer who uses the seven deadly sins.', '1995-09-22', 'THRILLER', NOW(), 'system'),
('Gladiator', 'A betrayed Roman general seeks revenge.', '2000-05-05', 'ACTION', NOW(), 'system'),
('Titanic', 'A romance aboard the ill-fated RMS Titanic.', '1997-12-19', 'DRAMA', NOW(), 'system'),
('Saving Private Ryan', 'A WWII squad searches for a missing soldier.', '1998-07-24', 'ACTION', NOW(), 'system'),
('The Green Mile', 'A death row guard meets a miraculous inmate.', '1999-12-10', 'DRAMA', NOW(), 'system'),
('Interstellar', 'Explorers travel through a wormhole to save humanity.', '2014-11-07', 'SCIENCE', NOW(), 'system'),
('Parasite', 'A poor family schemes to work for a wealthy household.', '2019-05-30', 'DRAMA', NOW(), 'system'),
('Joker', 'A failed comedian descends into madness in Gotham.', '2019-10-04', 'DRAMA', NOW(), 'system'),
('Avatar', 'A marine on Pandora becomes part of the Na''vi people.', '2009-12-18', 'SCIENCE', NOW(), 'system')
ON CONFLICT DO NOTHING;

INSERT INTO user_entity (username, email, password, date_of_birth, user_sex, first_name, last_name, is_enabled, registered_at, banned) VALUES
('user001', 'user001@example.com', '{noop}User123!', '1990-01-15', 'HE', 'John', 'Smith', true, NOW(), false),
('user002', 'user002@example.com', '{noop}User123!', '1988-05-22', 'SHE', 'Anna', 'Johnson', true, NOW(), false),
('user003', 'user003@example.com', '{noop}User123!', '1995-09-10', 'THEY', 'Chris', 'Williams', true, NOW(), false),
('user004', 'user004@example.com', '{noop}User123!', '1992-07-04', 'HE', 'Michael', 'Brown', true, NOW(), false),
('user005', 'user005@example.com', '{noop}User123!', '1991-03-18', 'SHE', 'Laura', 'Davis', true, NOW(), false),
('user006', 'user006@example.com', '{noop}User123!', '1993-11-25', 'THEY', 'Taylor', 'Miller', true, NOW(), false),
('user007', 'user007@example.com', '{noop}User123!', '1989-06-12', 'HE', 'David', 'Wilson', true, NOW(), false),
('user008', 'user008@example.com', '{noop}User123!', '1994-02-28', 'SHE', 'Emma', 'Moore', true, NOW(), false),
('user009', 'user009@example.com', '{noop}User123!', '1996-08-09', 'THEY', 'Jordan', 'Taylor', true, NOW(), false),
('user010', 'user010@example.com', '{noop}User123!', '1990-12-30', 'HE', 'Robert', 'Anderson', true, NOW(), false),
('user011', 'user011@example.com', '{noop}User123!', '1987-04-05', 'SHE', 'Sophia', 'Thomas', true, NOW(), false),
('user012', 'user012@example.com', '{noop}User123!', '1992-09-14', 'THEY', 'Alex', 'Jackson', true, NOW(), false),
('user013', 'user013@example.com', '{noop}User123!', '1995-10-21', 'HE', 'William', 'White', true, NOW(), false),
('user014', 'user014@example.com', '{noop}User123!', '1993-01-07', 'SHE', 'Olivia', 'Harris', true, NOW(), false),
('user015', 'user015@example.com', '{noop}User123!', '1991-05-11', 'THEY', 'Sam', 'Martin', true, NOW(), false),
('user016', 'user016@example.com', '{noop}User123!', '1989-07-19', 'HE', 'Daniel', 'Thompson', true, NOW(), false),
('user017', 'user017@example.com', '{noop}User123!', '1994-03-08', 'SHE', 'Mia', 'Garcia', true, NOW(), false),
('user018', 'user018@example.com', '{noop}User123!', '1996-11-16', 'THEY', 'Cameron', 'Martinez', true, NOW(), false),
('user019', 'user019@example.com', '{noop}User123!', '1990-02-23', 'HE', 'Joseph', 'Robinson', true, NOW(), false),
('user020', 'user020@example.com', '{noop}User123!', '1992-06-27', 'SHE', 'Isabella', 'Clark', true, NOW(), false)
ON CONFLICT DO NOTHING;

INSERT INTO user_roles (user_id, role_id) VALUES
(1,2), (2, 1), (3, 1), (4, 1), (5, 1), (6, 1), (7, 1), (8, 1), (9, 1), (10, 1), (11, 1), (12, 1), (13, 1), (14, 1), (15, 1), (16, 1), (17, 1), (18, 1), (19, 1), (20, 1)
ON CONFLICT DO NOTHING;

INSERT INTO actor_rate (rate, actor_id, user_id) VALUES
(5, 2, 1),(3, 4, 7),(6, 10, 15),(2, 7, 3),(4, 19, 20),(1, 12, 5),(5, 8, 14),(2, 3, 9),(6, 20, 6),(3, 6, 10),(4, 15, 18),(2, 5, 12),(6, 13, 4),(1, 11, 2),(3, 9, 17),
(5, 18, 8), (4, 16, 19),(2, 20, 11),(6, 14, 13),(1, 17, 20),(5, 7, 16),(3, 19, 9),(4, 6, 5),(2, 12, 3),(6, 8, 7),(1, 5, 4),(4, 10, 2),(3, 15, 6),(5, 3, 20),(2, 9, 18),
(6, 13, 8),(4, 16, 12),(1, 11, 14),(5, 14, 19),(3, 2, 20),(2, 18, 17),(6, 20, 15),(1, 4, 10),(5, 19, 9),(3, 7, 11),(4, 17, 5),(2, 20, 6),(6, 8, 13),(1, 6, 7),(5, 10, 3),
(3, 12, 8),(2, 15, 4),(6, 9, 20),(4, 13, 2),(1, 16, 1)
ON CONFLICT DO NOTHING;

INSERT INTO director_rate (rate, director_id, user_id) VALUES
(6, 2, 1), (6, 4, 7), (6, 10, 15), (2, 7, 3), (4, 19, 20), (1, 12, 5), (5, 8, 14), (2, 3, 9), (6, 17, 6),(3, 6, 10),(5, 14, 19),(3, 2, 20),
(6, 15, 18), (2, 5, 12), (5, 13, 4), (1, 11, 2), (3, 9, 17), (5, 18, 8), (4, 16, 19),(2, 20, 11),(6, 14, 13),(1, 17, 20),(5, 7, 16),
(1, 18, 17),(5, 20, 15),(1, 4, 10),(5, 19, 9),(3, 7, 11),(4, 17, 5),(2, 18, 6),(6, 8, 13),(1, 6, 7),(5, 10, 3), (3, 12, 8),(2, 15, 4),
(2, 9, 20),(4, 13, 2),(1, 16, 1)
ON CONFLICT DO NOTHING;

INSERT INTO movie_rate (rate, movie_id, user_id) VALUES
(4, 2, 1), (2, 4, 7), (6, 10, 15), (2, 7, 3), (4, 19, 20), (1, 12, 5), (5, 8, 14), (1, 3, 9), (1, 19, 6),(3, 6, 10),(5, 14, 19),(3, 2, 7),
(1, 15, 18), (4, 5, 12), (5, 13, 4), (1, 11, 2), (3, 9, 17), (5, 18, 8), (4, 16, 19),(2, 20, 11),(6, 14, 13),(1, 17, 20),(5, 7, 16),
(2, 19, 9),(4, 6, 5),(2, 12, 3),(6, 8, 7),(1, 5, 4),(4, 10, 2),(6, 15, 6),(5, 3, 20),(1, 9, 18),(6, 13, 8),(4, 16, 12),(1, 11, 14),
(3, 18, 17),(6, 20, 15),(2, 4, 10),(6, 19, 9),(3, 7, 11),(4, 17, 5),(2, 20, 6),(6, 8, 13),(1, 6, 7),(5, 10, 3), (3, 12, 8),(2, 15, 4),
(4, 9, 20),(4, 13, 2),(2, 16, 1)
ON CONFLICT DO NOTHING;

INSERT INTO topic (title, entity_type, entity_id, user_id, created_at, created_by) VALUES
('Best scenes in The Shawshank Redemption', 'movie', 1, 1, NOW(), 'user008@example.com'),
('Why The Shawshank Redemption deserves more recognition', 'movie', 1, 2, NOW(), 'user002@example.com'),
('Top 5 moments from The Shawshank Redemption', 'movie', 1, 3, NOW(), 'user003@example.com'),
('The Shawshank Redemption''s cinematography style', 'movie', 1, 4, NOW(), 'user004@example.com'),
('Most underrated aspect of The Shawshank Redemption', 'movie', 1, 5, NOW(), 'user005@example.com'),
('The Shawshank Redemption''s collaborations with famous actors', 'movie', 1, 6, NOW(), 'user006@example.com'),
('Favorite quotes from The Shawshank Redemption', 'movie', 1, 7, NOW(), 'user007@example.com'),
('Awards won by The Shawshank Redemption', 'movie', 1, 8, NOW(), 'user008@example.com'),
('Future impact of The Shawshank Redemption', 'movie', 1, 1, NOW(), 'user008@example.com'),
('How influential is The Shawshank Redemption?', 'movie', 1, 2, NOW(), 'user002@example.com'),
('The Shawshank Redemption''s contribution to modern cinema', 'movie', 1, 3, NOW(), 'user003@example.com'),
('What makes The Shawshank Redemption unique?', 'movie', 1, 4, NOW(), 'user004@example.com'),
('Is The Shawshank Redemption among the greatest films?', 'movie', 1, 5, NOW(), 'user005@example.com'),
('Best dramatic scenes in The Shawshank Redemption', 'movie', 1, 6, NOW(), 'user006@example.com'),
('Why audiences love The Shawshank Redemption', 'movie', 1, 7, NOW(), 'user007@example.com'),
('Best scenes in The Godfather', 'movie', 2, 1, NOW(), 'user008@example.com'),
('Why The Godfather deserves more recognition', 'movie', 2, 2, NOW(), 'user002@example.com'),
('Top 5 moments from The Godfather', 'movie', 2, 3, NOW(), 'user003@example.com'),
('The Godfather''s cinematography style', 'movie', 2, 4, NOW(), 'user004@example.com'),
('Most underrated aspect of The Godfather', 'movie', 2, 5, NOW(), 'user005@example.com'),
('The Godfather''s collaborations with famous actors', 'movie', 2, 6, NOW(), 'user006@example.com'),
('Favorite quotes from The Godfather', 'movie', 2, 7, NOW(), 'user007@example.com'),
('Awards won by The Godfather', 'movie', 2, 8, NOW(), 'user008@example.com'),
('Future impact of The Godfather', 'movie', 2, 1, NOW(), 'user008@example.com'),
('How influential is The Godfather?', 'movie', 2, 2, NOW(), 'user002@example.com'),
('The Godfather''s contribution to modern cinema', 'movie', 2, 3, NOW(), 'user003@example.com'),
('What makes The Godfather unique?', 'movie', 2, 4, NOW(), 'user004@example.com'),
('Is The Godfather among the greatest films?', 'movie', 2, 5, NOW(), 'user005@example.com'),
('Best dramatic scenes in The Godfather', 'movie', 2, 6, NOW(), 'user006@example.com'),
('Why audiences love The Godfather', 'movie', 2, 7, NOW(), 'user007@example.com'),
('Best scenes in The Dark Knight', 'movie', 3, 1, NOW(), 'user008@example.com'),
('Why The Dark Knight deserves more recognition', 'movie', 3, 2, NOW(), 'user002@example.com'),
('Top 5 moments from The Dark Knight', 'movie', 3, 3, NOW(), 'user003@example.com'),
('The Dark Knight''s cinematography style', 'movie', 3, 4, NOW(), 'user004@example.com'),
('Most underrated aspect of The Dark Knight', 'movie', 3, 5, NOW(), 'user005@example.com'),
('The Dark Knight''s collaborations with famous actors', 'movie', 3, 6, NOW(), 'user006@example.com'),
('Favorite quotes from The Dark Knight', 'movie', 3, 7, NOW(), 'user002@example.com'),
('Awards won by The Dark Knight', 'movie', 3, 8, NOW(), 'user008@example.com'),
('Future impact of The Dark Knight', 'movie', 3, 1, NOW(), 'user002@example.com'),
('How influential is The Dark Knight?', 'movie', 3, 2, NOW(), 'user002@example.com'),
('The Dark Knight''s contribution to modern cinema', 'movie', 3, 3, NOW(), 'user003@example.com'),
('What makes The Dark Knight unique?', 'movie', 3, 4, NOW(), 'user004@example.com'),
('Is The Dark Knight among the greatest films?', 'movie', 3, 5, NOW(), 'user005@example.com'),
('Best dramatic scenes in The Dark Knight', 'movie', 3, 6, NOW(), 'user006@example.com'),
('Why audiences love The Dark Knight', 'movie', 3, 7, NOW(), 'user007@example.com'),
('Best scenes in Pulp Fiction', 'movie', 4, 1, NOW(), 'user002@example.com'),
('Why Pulp Fiction deserves more recognition', 'movie', 4, 2, NOW(), 'user002@example.com'),
('Top 5 moments from Pulp Fiction', 'movie', 4, 3, NOW(), 'user003@example.com'),
('Pulp Fiction''s cinematography style', 'movie', 4, 4, NOW(), 'user004@example.com'),
('Most underrated aspect of Pulp Fiction', 'movie', 4, 5, NOW(), 'user005@example.com'),
('Pulp Fiction''s collaborations with famous actors', 'movie', 4, 6, NOW(), 'user006@example.com'),
('Favorite quotes from Pulp Fiction', 'movie', 4, 7, NOW(), 'user007@example.com'),
('Awards won by Pulp Fiction', 'movie', 4, 8, NOW(), 'user008@example.com'),
('Future impact of Pulp Fiction', 'movie', 4, 1, NOW(), 'user002@example.com'),
('How influential is Pulp Fiction?', 'movie', 4, 2, NOW(), 'user002@example.com'),
('Pulp Fiction''s contribution to modern cinema', 'movie', 4, 3, NOW(), 'user003@example.com'),
('What makes Pulp Fiction unique?', 'movie', 4, 4, NOW(), 'user004@example.com'),
('Is Pulp Fiction among the greatest films?', 'movie', 4, 5, NOW(), 'user005@example.com'),
('Best dramatic scenes in Pulp Fiction', 'movie', 4, 6, NOW(), 'user006@example.com'),
('Why audiences love Pulp Fiction', 'movie', 4, 7, NOW(), 'user007@example.com'),
('Best scenes in Forrest Gump', 'movie', 5, 1, NOW(), 'user002@example.com'),
('Why Forrest Gump deserves more recognition', 'movie', 5, 2, NOW(), 'user002@example.com'),
('Top 5 moments from Forrest Gump', 'movie', 5, 3, NOW(), 'user003@example.com'),
('Forrest Gump''s cinematography style', 'movie', 5, 4, NOW(), 'user004@example.com'),
('Most underrated aspect of Forrest Gump', 'movie', 5, 5, NOW(), 'user005@example.com'),
('Forrest Gump''s collaborations with famous actors', 'movie', 5, 6, NOW(), 'user006@example.com'),
('Favorite quotes from Forrest Gump', 'movie', 5, 7, NOW(), 'user007@example.com'),
('Awards won by Forrest Gump', 'movie', 5, 8, NOW(), 'user008@example.com'),
('Future impact of Forrest Gump', 'movie', 5, 1, NOW(), 'user002@example.com'),
('How influential is Forrest Gump?', 'movie', 5, 2, NOW(), 'user002@example.com'),
('Forrest Gump''s contribution to modern cinema', 'movie', 5, 3, NOW(), 'user003@example.com'),
('What makes Forrest Gump unique?', 'movie', 5, 4, NOW(), 'user004@example.com'),
('Is Forrest Gump among the greatest films?', 'movie', 5, 5, NOW(), 'user005@example.com'),
('Best dramatic scenes in Forrest Gump', 'movie', 5, 6, NOW(), 'user006@example.com'),
('Why audiences love Forrest Gump', 'movie', 5, 7, NOW(), 'user007@example.com'),
('Best scenes in Inception', 'movie', 6, 1, NOW(), 'user002@example.com'),
('Why Inception deserves more recognition', 'movie', 6, 2, NOW(), 'user002@example.com'),
('Top 5 moments from Inception', 'movie', 6, 3, NOW(), 'user003@example.com'),
('Inception''s cinematography style', 'movie', 6, 4, NOW(), 'user004@example.com'),
('Most underrated aspect of Inception', 'movie', 6, 5, NOW(), 'user005@example.com'),
('Inception''s collaborations with famous actors', 'movie', 6, 6, NOW(), 'user006@example.com'),
('Favorite quotes from Inception', 'movie', 6, 7, NOW(), 'user007@example.com'),
('Awards won by Inception', 'movie', 6, 8, NOW(), 'user008@example.com'),
('Future impact of Inception', 'movie', 6, 1, NOW(), 'user003@example.com'),
('How influential is Inception?', 'movie', 6, 2, NOW(), 'user002@example.com'),
('Inception''s contribution to modern cinema', 'movie', 6, 3, NOW(), 'user003@example.com'),
('What makes Inception unique?', 'movie', 6, 4, NOW(), 'user004@example.com'),
('Is Inception among the greatest films?', 'movie', 6, 5, NOW(), 'user005@example.com'),
('Best dramatic scenes in Inception', 'movie', 6, 6, NOW(), 'user006@example.com'),
('Why audiences love Inception', 'movie', 6, 7, NOW(), 'user007@example.com'),
('Best scenes in Fight Club', 'movie', 7, 1, NOW(), 'user002@example.com'),
('Why Fight Club deserves more recognition', 'movie', 7, 2, NOW(), 'user002@example.com'),
('Top 5 moments from Fight Club', 'movie', 7, 3, NOW(), 'user003@example.com'),
('Fight Club''s cinematography style', 'movie', 7, 4, NOW(), 'user004@example.com'),
('Most underrated aspect of Fight Club', 'movie', 7, 5, NOW(), 'user005@example.com'),
('Fight Club''s collaborations with famous actors', 'movie', 7, 6, NOW(), 'user006@example.com'),
('Favorite quotes from Fight Club', 'movie', 7, 7, NOW(), 'user007@example.com'),
('Awards won by Fight Club', 'movie', 7, 8, NOW(), 'user008@example.com'),
('Future impact of Fight Club', 'movie', 7, 1, NOW(), 'user002@example.com'),
('How influential is Fight Club?', 'movie', 7, 2, NOW(), 'user002@example.com'),
('Fight Club''s contribution to modern cinema', 'movie', 7, 3, NOW(), 'user003@example.com'),
('What makes Fight Club unique?', 'movie', 7, 4, NOW(), 'user004@example.com'),
('Is Fight Club among the greatest films?', 'movie', 7, 5, NOW(), 'user005@example.com'),
('Best dramatic scenes in Fight Club', 'movie', 7, 6, NOW(), 'user006@example.com'),
('Why audiences love Fight Club', 'movie', 7, 7, NOW(), 'user007@example.com'),
('Best scenes in The Matrix', 'movie', 8, 1, NOW(), 'user002@example.com'),
('Why The Matrix deserves more recognition', 'movie', 8, 2, NOW(), 'user002@example.com'),
('Top 5 moments from The Matrix', 'movie', 8, 3, NOW(), 'user003@example.com'),
('The Matrix''s cinematography style', 'movie', 8, 4, NOW(), 'user004@example.com'),
('Most underrated aspect of The Matrix', 'movie', 8, 5, NOW(), 'user005@example.com'),
('The Matrix''s collaborations with famous actors', 'movie', 8, 6, NOW(), 'user006@example.com'),
('Favorite quotes from The Matrix', 'movie', 8, 7, NOW(), 'user007@example.com'),
('Awards won by The Matrix', 'movie', 8, 8, NOW(), 'user008@example.com'),
('Future impact of The Matrix', 'movie', 8, 1, NOW(), 'user002@example.com'),
('How influential is The Matrix?', 'movie', 8, 2, NOW(), 'user002@example.com'),
('The Matrix''s contribution to modern cinema', 'movie', 8, 3, NOW(), 'user003@example.com'),
('What makes The Matrix unique?', 'movie', 8, 4, NOW(), 'user004@example.com'),
('Is The Matrix among the greatest films?', 'movie', 8, 5, NOW(), 'user005@example.com'),
('Best dramatic scenes in The Matrix', 'movie', 8, 6, NOW(), 'user006@example.com'),
('Why audiences love The Matrix', 'movie', 8, 7, NOW(), 'user007@example.com'),
('Best scenes in Goodfellas', 'movie', 9, 1, NOW(), 'user002@example.com'),
('Why Goodfellas deserves more recognition', 'movie', 9, 2, NOW(), 'user002@example.com'),
('Top 5 moments from Goodfellas', 'movie', 9, 3, NOW(), 'user003@example.com'),
('Goodfellas''s cinematography style', 'movie', 9, 4, NOW(), 'user004@example.com'),
('Most underrated aspect of Goodfellas', 'movie', 9, 5, NOW(), 'user005@example.com'),
('Goodfellas''s collaborations with famous actors', 'movie', 9, 6, NOW(), 'user006@example.com'),
('Favorite quotes from Goodfellas', 'movie', 9, 7, NOW(), 'user007@example.com'),
('Awards won by Goodfellas', 'movie', 9, 8, NOW(), 'user008@example.com'),
('Future impact of Goodfellas', 'movie', 9, 1, NOW(), 'user002@example.com'),
('How influential is Goodfellas?', 'movie', 9, 2, NOW(), 'user002@example.com'),
('Goodfellas''s contribution to modern cinema', 'movie', 9, 3, NOW(), 'user003@example.com'),
('What makes Goodfellas unique?', 'movie', 9, 4, NOW(), 'user004@example.com'),
('Is Goodfellas among the greatest films?', 'movie', 9, 5, NOW(), 'user005@example.com'),
('Best dramatic scenes in Goodfellas', 'movie', 9, 6, NOW(), 'user006@example.com'),
('Why audiences love Goodfellas', 'movie', 9, 7, NOW(), 'user007@example.com'),
('Best scenes in The Lord of the Rings: The Fellowship of the Ring', 'movie', 10, 1, NOW(), 'user002@example.com'),
('Why The Lord of the Rings: The Fellowship of the Ring deserves more recognition', 'movie', 10, 2, NOW(), 'user002@example.com'),
('Top 5 moments from The Lord of the Rings: The Fellowship of the Ring', 'movie', 10, 3, NOW(), 'user003@example.com'),
('The Lord of the Rings: The Fellowship of the Ring''s cinematography style', 'movie', 10, 4, NOW(), 'user004@example.com'),
('Most underrated aspect of The Lord of the Rings: The Fellowship of the Ring', 'movie', 10, 5, NOW(), 'user005@example.com'),
('The Lord of the Rings: The Fellowship of the Ring''s collaborations with famous actors', 'movie', 10, 6, NOW(), 'user006@example.com'),
('Favorite quotes from The Lord of the Rings: The Fellowship of the Ring', 'movie', 10, 7, NOW(), 'user007@example.com'),
('Awards won by The Lord of the Rings: The Fellowship of the Ring', 'movie', 10, 8, NOW(), 'user008@example.com'),
('Future impact of The Lord of the Rings: The Fellowship of the Ring', 'movie', 10, 1, NOW(), 'user002@example.com'),
('How influential is The Lord of the Rings: The Fellowship of the Ring?', 'movie', 10, 2, NOW(), 'user002@example.com'),
('The Lord of the Rings: The Fellowship of the Ring''s contribution to modern cinema', 'movie', 10, 3, NOW(), 'user003@example.com'),
('What makes The Lord of the Rings: The Fellowship of the Ring unique?', 'movie', 10, 4, NOW(), 'user004@example.com'),
('Is The Lord of the Rings: The Fellowship of the Ring among the greatest films?', 'movie', 10, 5, NOW(), 'user005@example.com'),
('Best dramatic scenes in The Lord of the Rings: The Fellowship of the Ring', 'movie', 10, 6, NOW(), 'user006@example.com'),
('Why audiences love The Lord of the Rings: The Fellowship of the Ring', 'movie', 10, 7, NOW(), 'user007@example.com'),
('Best scenes in The Silence of the Lambs', 'movie', 11, 1, NOW(), 'user002@example.com'),
('Why The Silence of the Lambs deserves more recognition', 'movie', 11, 2, NOW(), 'user002@example.com'),
('Top 5 moments from The Silence of the Lambs', 'movie', 11, 3, NOW(), 'user003@example.com'),
('The Silence of the Lambs''s cinematography style', 'movie', 11, 4, NOW(), 'user004@example.com'),
('Most underrated aspect of The Silence of the Lambs', 'movie', 11, 5, NOW(), 'user005@example.com'),
('The Silence of the Lambs''s collaborations with famous actors', 'movie', 11, 6, NOW(), 'user006@example.com'),
('Favorite quotes from The Silence of the Lambs', 'movie', 11, 7, NOW(), 'user007@example.com'),
('Awards won by The Silence of the Lambs', 'movie', 11, 8, NOW(), 'user008@example.com'),
('Future impact of The Silence of the Lambs', 'movie', 11, 1, NOW(), 'user002@example.com'),
('How influential is The Silence of the Lambs?', 'movie', 11, 2, NOW(), 'user002@example.com'),
('The Silence of the Lambs''s contribution to modern cinema', 'movie', 11, 3, NOW(), 'user003@example.com'),
('What makes The Silence of the Lambs unique?', 'movie', 11, 4, NOW(), 'user004@example.com'),
('Is The Silence of the Lambs among the greatest films?', 'movie', 11, 5, NOW(), 'user005@example.com'),
('Best dramatic scenes in The Silence of the Lambs', 'movie', 11, 6, NOW(), 'user006@example.com'),
('Why audiences love The Silence of the Lambs', 'movie', 11, 7, NOW(), 'user007@example.com'),
('Best scenes in Se7en', 'movie', 12, 1, NOW(), 'user002@example.com'),
('Why Se7en deserves more recognition', 'movie', 12, 2, NOW(), 'user002@example.com'),
('Top 5 moments from Se7en', 'movie', 12, 3, NOW(), 'user003@example.com'),
('Se7en''s cinematography style', 'movie', 12, 4, NOW(), 'user004@example.com'),
('Most underrated aspect of Se7en', 'movie', 12, 5, NOW(), 'user005@example.com'),
('Se7en''s collaborations with famous actors', 'movie', 12, 6, NOW(), 'user006@example.com'),
('Favorite quotes from Se7en', 'movie', 12, 7, NOW(), 'user007@example.com'),
('Awards won by Se7en', 'movie', 12, 8, NOW(), 'user008@example.com'),
('Future impact of Se7en', 'movie', 12, 1, NOW(), 'user002@example.com'),
('How influential is Se7en?', 'movie', 12, 2, NOW(), 'user002@example.com'),
('Se7en''s contribution to modern cinema', 'movie', 12, 3, NOW(), 'user003@example.com'),
('What makes Se7en unique?', 'movie', 12, 4, NOW(), 'user004@example.com'),
('Is Se7en among the greatest films?', 'movie', 12, 5, NOW(), 'user005@example.com'),
('Best dramatic scenes in Se7en', 'movie', 12, 6, NOW(), 'user006@example.com'),
('Why audiences love Se7en', 'movie', 12, 7, NOW(), 'user007@example.com'),
('Best scenes in Gladiator', 'movie', 13, 1, NOW(), 'user002@example.com'),
('Why Gladiator deserves more recognition', 'movie', 13, 2, NOW(), 'user002@example.com'),
('Top 5 moments from Gladiator', 'movie', 13, 3, NOW(), 'user003@example.com'),
('Gladiator''s cinematography style', 'movie', 13, 4, NOW(), 'user004@example.com'),
('Most underrated aspect of Gladiator', 'movie', 13, 5, NOW(), 'user005@example.com'),
('Gladiator''s collaborations with famous actors', 'movie', 13, 6, NOW(), 'user006@example.com'),
('Favorite quotes from Gladiator', 'movie', 13, 7, NOW(), 'user007@example.com'),
('Awards won by Gladiator', 'movie', 13, 8, NOW(), 'user008@example.com'),
('Future impact of Gladiator', 'movie', 13, 1, NOW(), 'user002@example.com'),
('How influential is Gladiator?', 'movie', 13, 2, NOW(), 'user002@example.com'),
('Gladiator''s contribution to modern cinema', 'movie', 13, 3, NOW(), 'user003@example.com'),
('What makes Gladiator unique?', 'movie', 13, 4, NOW(), 'user004@example.com'),
('Is Gladiator among the greatest films?', 'movie', 13, 5, NOW(), 'user005@example.com'),
('Best dramatic scenes in Gladiator', 'movie', 13, 6, NOW(), 'user006@example.com'),
('Why audiences love Gladiator', 'movie', 13, 7, NOW(), 'user007@example.com'),
('Best scenes in Titanic', 'movie', 14, 1, NOW(), 'user002@example.com'),
('Why Titanic deserves more recognition', 'movie', 14, 2, NOW(), 'user002@example.com'),
('Top 5 moments from Titanic', 'movie', 14, 3, NOW(), 'user003@example.com'),
('Titanic''s cinematography style', 'movie', 14, 4, NOW(), 'user004@example.com'),
('Most underrated aspect of Titanic', 'movie', 14, 5, NOW(), 'user005@example.com'),
('Titanic''s collaborations with famous actors', 'movie', 14, 6, NOW(), 'user006@example.com'),
('Favorite quotes from Titanic', 'movie', 14, 7, NOW(), 'user007@example.com'),
('Awards won by Titanic', 'movie', 14, 8, NOW(), 'user008@example.com'),
('Future impact of Titanic', 'movie', 14, 1, NOW(), 'user002@example.com'),
('How influential is Titanic?', 'movie', 14, 2, NOW(), 'user002@example.com'),
('Titanic''s contribution to modern cinema', 'movie', 14, 3, NOW(), 'user003@example.com'),
('What makes Titanic unique?', 'movie', 14, 4, NOW(), 'user004@example.com'),
('Is Titanic among the greatest films?', 'movie', 14, 5, NOW(), 'user005@example.com'),
('Best dramatic scenes in Titanic', 'movie', 14, 6, NOW(), 'user006@example.com'),
('Why audiences love Titanic', 'movie', 14, 7, NOW(), 'user007@example.com'),
('Best scenes in Saving Private Ryan', 'movie', 15, 1, NOW(), 'user002@example.com'),
('Why Saving Private Ryan deserves more recognition', 'movie', 15, 2, NOW(), 'user002@example.com'),
('Top 5 moments from Saving Private Ryan', 'movie', 15, 3, NOW(), 'user003@example.com'),
('Saving Private Ryan''s cinematography style', 'movie', 15, 4, NOW(), 'user004@example.com'),
('Most underrated aspect of Saving Private Ryan', 'movie', 15, 5, NOW(), 'user005@example.com'),
('Saving Private Ryan''s collaborations with famous actors', 'movie', 15, 6, NOW(), 'user006@example.com'),
('Favorite quotes from Saving Private Ryan', 'movie', 15, 7, NOW(), 'user007@example.com'),
('Awards won by Saving Private Ryan', 'movie', 15, 8, NOW(), 'user008@example.com'),
('Future impact of Saving Private Ryan', 'movie', 15, 1, NOW(), 'user002@example.com'),
('How influential is Saving Private Ryan?', 'movie', 15, 2, NOW(), 'user002@example.com'),
('Saving Private Ryan''s contribution to modern cinema', 'movie', 15, 3, NOW(), 'user003@example.com'),
('What makes Saving Private Ryan unique?', 'movie', 15, 4, NOW(), 'user004@example.com'),
('Is Saving Private Ryan among the greatest films?', 'movie', 15, 5, NOW(), 'user005@example.com'),
('Best dramatic scenes in Saving Private Ryan', 'movie', 15, 6, NOW(), 'user006@example.com'),
('Why audiences love Saving Private Ryan', 'movie', 15, 7, NOW(), 'user007@example.com'),
('Best scenes in The Green Mile', 'movie', 16, 1, NOW(), 'user002@example.com'),
('Why The Green Mile deserves more recognition', 'movie', 16, 2, NOW(), 'user002@example.com'),
('Top 5 moments from The Green Mile', 'movie', 16, 3, NOW(), 'user003@example.com'),
('The Green Mile''s cinematography style', 'movie', 16, 4, NOW(), 'user004@example.com'),
('Most underrated aspect of The Green Mile', 'movie', 16, 5, NOW(), 'user005@example.com'),
('The Green Mile''s collaborations with famous actors', 'movie', 16, 6, NOW(), 'user006@example.com'),
('Favorite quotes from The Green Mile', 'movie', 16, 7, NOW(), 'user007@example.com'),
('Awards won by The Green Mile', 'movie', 16, 8, NOW(), 'user008@example.com'),
('Future impact of The Green Mile', 'movie', 16, 1, NOW(), 'user002@example.com'),
('How influential is The Green Mile?', 'movie', 16, 2, NOW(), 'user002@example.com'),
('The Green Mile''s contribution to modern cinema', 'movie', 16, 3, NOW(), 'user003@example.com'),
('What makes The Green Mile unique?', 'movie', 16, 4, NOW(), 'user004@example.com'),
('Is The Green Mile among the greatest films?', 'movie', 16, 5, NOW(), 'user005@example.com'),
('Best dramatic scenes in The Green Mile', 'movie', 16, 6, NOW(), 'user006@example.com'),
('Why audiences love The Green Mile', 'movie', 16, 7, NOW(), 'user007@example.com'),
('Best scenes in Interstellar', 'movie', 17, 1, NOW(), 'user002@example.com'),
('Why Interstellar deserves more recognition', 'movie', 17, 2, NOW(), 'user002@example.com'),
('Top 5 moments from Interstellar', 'movie', 17, 3, NOW(), 'user003@example.com'),
('Interstellar''s cinematography style', 'movie', 17, 4, NOW(), 'user004@example.com'),
('Most underrated aspect of Interstellar', 'movie', 17, 5, NOW(), 'user005@example.com'),
('Interstellar''s collaborations with famous actors', 'movie', 17, 6, NOW(), 'user006@example.com'),
('Favorite quotes from Interstellar', 'movie', 17, 7, NOW(), 'user007@example.com'),
('Awards won by Interstellar', 'movie', 17, 8, NOW(), 'user008@example.com'),
('Future impact of Interstellar', 'movie', 17, 1, NOW(), 'user002@example.com'),
('How influential is Interstellar?', 'movie', 17, 2, NOW(), 'user002@example.com'),
('Interstellar''s contribution to modern cinema', 'movie', 17, 3, NOW(), 'user003@example.com'),
('What makes Interstellar unique?', 'movie', 17, 4, NOW(), 'user004@example.com'),
('Is Interstellar among the greatest films?', 'movie', 17, 5, NOW(), 'user005@example.com'),
('Best dramatic scenes in Interstellar', 'movie', 17, 6, NOW(), 'user006@example.com'),
('Why audiences love Interstellar', 'movie', 17, 7, NOW(), 'user007@example.com'),
('Best scenes in Parasite', 'movie', 18, 1, NOW(), 'user002@example.com'),
('Why Parasite deserves more recognition', 'movie', 18, 2, NOW(), 'user002@example.com'),
('Top 5 moments from Parasite', 'movie', 18, 3, NOW(), 'user003@example.com'),
('Parasite''s cinematography style', 'movie', 18, 4, NOW(), 'user004@example.com'),
('Most underrated aspect of Parasite', 'movie', 18, 5, NOW(), 'user005@example.com'),
('Parasite''s collaborations with famous actors', 'movie', 18, 6, NOW(), 'user006@example.com'),
('Favorite quotes from Parasite', 'movie', 18, 7, NOW(), 'user007@example.com'),
('Awards won by Parasite', 'movie', 18, 8, NOW(), 'user008@example.com'),
('Future impact of Parasite', 'movie', 18, 1, NOW(), 'user002@example.com'),
('How influential is Parasite?', 'movie', 18, 2, NOW(), 'user002@example.com'),
('Parasite''s contribution to modern cinema', 'movie', 18, 3, NOW(), 'user003@example.com'),
('What makes Parasite unique?', 'movie', 18, 4, NOW(), 'user004@example.com'),
('Is Parasite among the greatest films?', 'movie', 18, 5, NOW(), 'user005@example.com'),
('Best dramatic scenes in Parasite', 'movie', 18, 6, NOW(), 'user006@example.com'),
('Why audiences love Parasite', 'movie', 18, 7, NOW(), 'user007@example.com'),
('Best scenes in Joker', 'movie', 19, 1, NOW(), 'user002@example.com'),
('Why Joker deserves more recognition', 'movie', 19, 2, NOW(), 'user002@example.com'),
('Top 5 moments from Joker', 'movie', 19, 3, NOW(), 'user003@example.com'),
('Joker''s cinematography style', 'movie', 19, 4, NOW(), 'user004@example.com'),
('Most underrated aspect of Joker', 'movie', 19, 5, NOW(), 'user005@example.com'),
('Joker''s collaborations with famous actors', 'movie', 19, 6, NOW(), 'user006@example.com'),
('Favorite quotes from Joker', 'movie', 19, 7, NOW(), 'user007@example.com'),
('Awards won by Joker', 'movie', 19, 8, NOW(), 'user008@example.com'),
('Future impact of Joker', 'movie', 19, 1, NOW(), 'user002@example.com'),
('How influential is Joker?', 'movie', 19, 2, NOW(), 'user002@example.com'),
('Joker''s contribution to modern cinema', 'movie', 19, 3, NOW(), 'user003@example.com'),
('What makes Joker unique?', 'movie', 19, 4, NOW(), 'user004@example.com'),
('Is Joker among the greatest films?', 'movie', 19, 5, NOW(), 'user005@example.com'),
('Best dramatic scenes in Joker', 'movie', 19, 6, NOW(), 'user006@example.com'),
('Why audiences love Joker', 'movie', 19, 7, NOW(), 'user007@example.com'),
('Best scenes in Avatar', 'movie', 20, 1, NOW(), 'user002@example.com'),
('Why Avatar deserves more recognition', 'movie', 20, 2, NOW(), 'user002@example.com'),
('Top 5 moments from Avatar', 'movie', 20, 3, NOW(), 'user003@example.com'),
('Avatar''s cinematography style', 'movie', 20, 4, NOW(), 'user004@example.com'),
('Most underrated aspect of Avatar', 'movie', 20, 5, NOW(), 'user005@example.com'),
('Avatar''s collaborations with famous actors', 'movie', 20, 6, NOW(), 'user006@example.com'),
('Favorite quotes from Avatar', 'movie', 20, 7, NOW(), 'user007@example.com'),
('Awards won by Avatar', 'movie', 20, 8, NOW(), 'user008@example.com'),
('Future impact of Avatar', 'movie', 20, 1, NOW(), 'user002@example.com'),
('How influential is Avatar?', 'movie', 20, 2, NOW(), 'user002@example.com'),
('Avatar''s contribution to modern cinema', 'movie', 20, 3, NOW(), 'user003@example.com'),
('What makes Avatar unique?', 'movie', 20, 4, NOW(), 'user004@example.com'),
('Is Avatar among the greatest films?', 'movie', 20, 5, NOW(), 'user005@example.com'),
('Best dramatic scenes in Avatar', 'movie', 20, 6, NOW(), 'user006@example.com'),
('Why audiences love Avatar', 'movie', 20, 7, NOW(), 'user007@example.com')
ON CONFLICT DO NOTHING;

INSERT INTO topic (title, entity_type, entity_id, user_id, created_at, created_by) VALUES
('Thoughts on Liam Smith''s performance', 'actor', 1, 1, NOW(), 'user002@example.com'),
('Best role of Liam Smith?', 'actor', 1, 2, NOW(), 'user002@example.com'),
('What do you think about Liam Smith in comedies?', 'actor', 1, 3, NOW(), 'user003@example.com'),
('Liam Smith''s most underrated movie', 'actor', 1, 4, NOW(), 'user004@example.com'),
('Top dramatic roles by Liam Smith', 'actor', 1, 5, NOW(), 'user005@example.com'),
('Favorite quotes from Liam Smith''s characters', 'actor', 1, 6, NOW(), 'user006@example.com'),
('How versatile is Liam Smith as an actor?', 'actor', 1, 7, NOW(), 'user007@example.com'),
('Liam Smith''s collaboration with directors', 'actor', 1, 8, NOW(), 'user008@example.com'),
('Future projects of Liam Smith', 'actor', 1, 1, NOW(), 'user002@example.com'),
('Why do people love Liam Smith''s acting?', 'actor', 1, 2, NOW(), 'user002@example.com'),
('Is Liam Smith one of the greatest?', 'actor', 1, 3, NOW(), 'user003@example.com'),
('Thoughts on Liam Anderson''s performance', 'actor', 2, 1, NOW(), 'user002@example.com'),
('Best role of Liam Anderson?', 'actor', 2, 2, NOW(), 'user002@example.com'),
('Should Liam Anderson get an Oscar?', 'actor', 2, 3, NOW(), 'user003@example.com'),
('How do you rate Liam Anderson''s career?', 'actor', 2, 4, NOW(), 'user004@example.com'),
('Favorite Liam Anderson character', 'actor', 2, 5, NOW(), 'user005@example.com'),
('Liam Anderson''s influence on cinema', 'actor', 2, 6, NOW(), 'user006@example.com'),
('Top Liam Anderson performances', 'actor', 2, 7, NOW(), 'user007@example.com'),
('Why Liam Anderson deserves recognition', 'actor', 2, 8, NOW(), 'user008@example.com'),
('Liam Anderson''s international success', 'actor', 2, 1, NOW(), 'user002@example.com'),
('Underrated Liam Anderson roles', 'actor', 2, 2, NOW(), 'user002@example.com'),
('Future projects of Liam Anderson', 'actor', 2, 3, NOW(), 'user003@example.com'),
('Olivia Kowalska''s best movie', 'actor', 3, 1, NOW(), 'user002@example.com'),
('Why Olivia Kowalska deserves more recognition', 'actor', 3, 2, NOW(), 'user002@example.com'),
('Top 5 Olivia Kowalska performances', 'actor', 3, 3, NOW(), 'user003@example.com'),
('Olivia Kowalska in independent cinema', 'actor', 3, 4, NOW(), 'user004@example.com'),
('What is Olivia Kowalska''s acting style?', 'actor', 3, 5, NOW(), 'user005@example.com'),
('Favorite Olivia Kowalska character', 'actor', 3, 6, NOW(), 'user006@example.com'),
('Olivia Kowalska and international roles', 'actor', 3, 7, NOW(), 'user007@example.com'),
('Why fans admire Olivia Kowalska', 'actor', 3, 8, NOW(), 'user008@example.com'),
('Memorable moments from Olivia Kowalska''s career', 'actor', 3, 1, NOW(), 'user002@example.com'),
('Olivia Kowalska''s role in TV series', 'actor', 3, 2, NOW(), 'user002@example.com'),
('Olivia Kowalska''s dramatic roles', 'actor', 3, 3, NOW(), 'user003@example.com'),
('Noah Garcia''s transformation in movies', 'actor', 4, 1, NOW(), 'user002@example.com'),
('Is Noah Garcia better on stage or screen?', 'actor', 4, 2, NOW(), 'user002@example.com'),
('Why Noah Garcia excels in supporting roles', 'actor', 4, 3, NOW(), 'user003@example.com'),
('Favorite performance of Noah Garcia', 'actor', 4, 4, NOW(), 'user004@example.com'),
('Noah Garcia''s award-winning moments', 'actor', 4, 5, NOW(), 'user005@example.com'),
('Best quotes from Noah Garcia movies', 'actor', 4, 6, NOW(), 'user006@example.com'),
('Noah Garcia''s impact on Spanish cinema', 'actor', 4, 7, NOW(), 'user007@example.com'),
('Why critics love Noah Garcia''s acting', 'actor', 4, 8, NOW(), 'user008@example.com'),
('Underrated Noah Garcia performances', 'actor', 4, 1, NOW(), 'user002@example.com'),
('Noah Garcia''s collaboration with famous directors', 'actor', 4, 2, NOW(), 'user002@example.com'),
('Is Noah Garcia a theater legend?', 'actor', 4, 3, NOW(), 'user003@example.com'),
('Emma Dubois''s funniest roles', 'actor', 5, 1, NOW(), 'user003@example.com'),
('Why Emma Dubois is great in comedies', 'actor', 5, 2, NOW(), 'user002@example.com'),
('Emma Dubois as a voice actor', 'actor', 5, 3, NOW(), 'user003@example.com'),
('Emma Dubois''s versatility in cinema', 'actor', 5, 4, NOW(), 'user004@example.com'),
('Favorite character of Emma Dubois', 'actor', 5, 5, NOW(), 'user005@example.com'),
('Emma Dubois''s international recognition', 'actor', 5, 6, NOW(), 'user006@example.com'),
('Emma Dubois in French cinema', 'actor', 5, 7, NOW(), 'user007@example.com'),
('Best Emma Dubois performances', 'actor', 5, 8, NOW(), 'user008@example.com'),
('Why Emma Dubois deserves more roles', 'actor', 5, 1, NOW(), 'user003@example.com'),
('Memorable Emma Dubois quotes', 'actor', 5, 2, NOW(), 'user002@example.com'),
('Emma Dubois''s dramatic side', 'actor', 5, 3, NOW(), 'user003@example.com'),
('William Nguyen''s historical drama roles', 'actor', 6, 1, NOW(), 'user003@example.com'),
('Why William Nguyen is great in period pieces', 'actor', 6, 2, NOW(), 'user002@example.com'),
('William Nguyen''s career highlights', 'actor', 6, 3, NOW(), 'user003@example.com'),
('Favorite William Nguyen performance', 'actor', 6, 4, NOW(), 'user004@example.com'),
('William Nguyen in Vietnamese cinema', 'actor', 6, 5, NOW(), 'user005@example.com'),
('William Nguyen''s underrated roles', 'actor', 6, 6, NOW(), 'user006@example.com'),
('Best quotes from William Nguyen movies', 'actor', 6, 7, NOW(), 'user007@example.com'),
('Why fans respect William Nguyen', 'actor', 6, 8, NOW(), 'user008@example.com'),
('William Nguyen''s influence on drama films', 'actor', 6, 1, NOW(), 'user003@example.com'),
('Is William Nguyen an acting icon?', 'actor', 6, 2, NOW(), 'user002@example.com'),
('Top William Nguyen performances', 'actor', 6, 3, NOW(), 'user003@example.com'),
('Ava Smith''s breakthrough role', 'actor', 7, 1, NOW(), 'user003@example.com'),
('Top 5 Ava Smith movies', 'actor', 7, 2, NOW(), 'user002@example.com'),
('Why Ava Smith is popular among fans', 'actor', 7, 3, NOW(), 'user003@example.com'),
('Favorite Ava Smith scene', 'actor', 7, 4, NOW(), 'user004@example.com'),
('Ava Smith''s collaboration with directors', 'actor', 7, 5, NOW(), 'user005@example.com'),
('Best quotes from Ava Smith films', 'actor', 7, 6, NOW(), 'user006@example.com'),
('Ava Smith''s versatility in acting', 'actor', 7, 7, NOW(), 'user007@example.com'),
('Is Ava Smith underrated?', 'actor', 7, 8, NOW(), 'user008@example.com'),
('Memorable Ava Smith performances', 'actor', 7, 1, NOW(), 'user004@example.com'),
('Future projects of Ava Smith', 'actor', 7, 2, NOW(), 'user002@example.com'),
('Why critics admire Ava Smith''s acting', 'actor', 7, 3, NOW(), 'user003@example.com'),
('James Brown''s most iconic role', 'actor', 8, 1, NOW(), 'user004@example.com'),
('Why James Brown is a versatile actor', 'actor', 8, 2, NOW(), 'user002@example.com'),
('Top James Brown performances', 'actor', 8, 3, NOW(), 'user003@example.com'),
('James Brown in comedies vs dramas', 'actor', 8, 4, NOW(), 'user004@example.com'),
('Best James Brown movie moments', 'actor', 8, 5, NOW(), 'user005@example.com'),
('James Brown''s collaboration with famous directors', 'actor', 8, 6, NOW(), 'user006@example.com'),
('Underrated James Brown performances', 'actor', 8, 7, NOW(), 'user007@example.com'),
('Why fans love James Brown''s acting', 'actor', 8, 8, NOW(), 'user008@example.com'),
('Is James Brown an acting legend?', 'actor', 8, 1, NOW(), 'user004@example.com'),
('James Brown''s international success', 'actor', 8, 2, NOW(), 'user002@example.com'),
('Future projects of James Brown', 'actor', 8, 3, NOW(), 'user003@example.com'),
('Isabella Rossi''s career highlights', 'actor', 9, 1, NOW(), 'user002@example.com'),
('Top 5 Isabella Rossi roles', 'actor', 9, 2, NOW(), 'user002@example.com'),
('Why Isabella Rossi is admired worldwide', 'actor', 9, 3, NOW(), 'user003@example.com'),
('Favorite Isabella Rossi performance', 'actor', 9, 4, NOW(), 'user004@example.com'),
('Isabella Rossi''s dramatic roles', 'actor', 9, 5, NOW(), 'user005@example.com'),
('Best Isabella Rossi quotes', 'actor', 9, 6, NOW(), 'user006@example.com'),
('Isabella Rossi''s influence on Italian cinema', 'actor', 9, 7, NOW(), 'user007@example.com'),
('Why fans love Isabella Rossi''s acting', 'actor', 9, 8, NOW(), 'user008@example.com'),
('Most iconic Isabella Rossi scenes', 'actor', 9, 1, NOW(), 'user002@example.com'),
('Future projects of Isabella Rossi', 'actor', 9, 2, NOW(), 'user002@example.com'),
('Underrated Isabella Rossi performances', 'actor', 9, 3, NOW(), 'user003@example.com'),
('Oliver Müller''s best movies', 'actor', 10, 1, NOW(), 'user004@example.com'),
('Top 5 Oliver Müller performances', 'actor', 10, 2, NOW(), 'user002@example.com'),
('Why Oliver Müller is unique', 'actor', 10, 3, NOW(), 'user003@example.com'),
('Oliver Müller''s dramatic acting style', 'actor', 10, 4, NOW(), 'user004@example.com'),
('Favorite Oliver Müller role', 'actor', 10, 5, NOW(), 'user005@example.com'),
('Oliver Müller''s success in Europe', 'actor', 10, 6, NOW(), 'user006@example.com'),
('Best Oliver Müller film quotes', 'actor', 10, 7, NOW(), 'user007@example.com'),
('Oliver Müller''s international projects', 'actor', 10, 8, NOW(), 'user008@example.com'),
('Why fans admire Oliver Müller''s talent', 'actor', 10, 1, NOW(), 'user004@example.com'),
('Underrated Oliver Müller roles', 'actor', 10, 2, NOW(), 'user002@example.com'),
('Future projects of Oliver Müller', 'actor', 10, 3, NOW(), 'user003@example.com'),
('Sophia Silva''s award-winning roles', 'actor', 11, 1, NOW(), 'user005@example.com'),
('Top Sophia Silva performances', 'actor', 11, 2, NOW(), 'user002@example.com'),
('Why Sophia Silva is loved by critics', 'actor', 11, 3, NOW(), 'user003@example.com'),
('Favorite Sophia Silva scenes', 'actor', 11, 4, NOW(), 'user004@example.com'),
('Sophia Silva''s versatility in film', 'actor', 11, 5, NOW(), 'user005@example.com'),
('Best Sophia Silva quotes', 'actor', 11, 6, NOW(), 'user006@example.com'),
('Sophia Silva''s influence on cinema', 'actor', 11, 7, NOW(), 'user007@example.com'),
('Underrated Sophia Silva performances', 'actor', 11, 8, NOW(), 'user008@example.com'),
('Why Sophia Silva deserves more recognition', 'actor', 11, 1, NOW(), 'user005@example.com'),
('Future projects of Sophia Silva', 'actor', 11, 2, NOW(), 'user002@example.com'),
('Sophia Silva''s international roles', 'actor', 11, 3, NOW(), 'user003@example.com'),
('Benjamin Lee''s comedy roles', 'actor', 12, 1, NOW(), 'user005@example.com'),
('Top 5 Benjamin Lee movies', 'actor', 12, 2, NOW(), 'user002@example.com'),
('Why Benjamin Lee is popular', 'actor', 12, 3, NOW(), 'user003@example.com'),
('Favorite Benjamin Lee performance', 'actor', 12, 4, NOW(), 'user004@example.com'),
('Benjamin Lee''s dramatic side', 'actor', 12, 5, NOW(), 'user005@example.com'),
('Best quotes from Benjamin Lee films', 'actor', 12, 6, NOW(), 'user006@example.com'),
('Benjamin Lee''s collaboration with directors', 'actor', 12, 7, NOW(), 'user007@example.com'),
('Why fans admire Benjamin Lee''s acting', 'actor', 12, 8, NOW(), 'user008@example.com'),
('Future projects of Benjamin Lee', 'actor', 12, 1, NOW(), 'user005@example.com'),
('Underrated Benjamin Lee performances', 'actor', 12, 2, NOW(), 'user002@example.com'),
('Benjamin Lee''s impact on cinema', 'actor', 12, 3, NOW(), 'user003@example.com'),
('Mia Hansen''s breakthrough role', 'actor', 13, 1, NOW(), 'user006@example.com'),
('Top 5 Mia Hansen movies', 'actor', 13, 2, NOW(), 'user002@example.com'),
('Why Mia Hansen is admired by critics', 'actor', 13, 3, NOW(), 'user003@example.com'),
('Favorite Mia Hansen performance', 'actor', 13, 4, NOW(), 'user004@example.com'),
('Mia Hansen''s influence on European cinema', 'actor', 13, 5, NOW(), 'user005@example.com'),
('Best Mia Hansen quotes', 'actor', 13, 6, NOW(), 'user006@example.com'),
('Why fans love Mia Hansen''s acting', 'actor', 13, 7, NOW(), 'user007@example.com'),
('Underrated Mia Hansen performances', 'actor', 13, 8, NOW(), 'user008@example.com'),
('Future projects of Mia Hansen', 'actor', 13, 1, NOW(), 'user006@example.com'),
('Mia Hansen''s dramatic roles', 'actor', 13, 2, NOW(), 'user002@example.com'),
('Is Mia Hansen one of the best?', 'actor', 13, 3, NOW(), 'user003@example.com'),
('Lucas Petrov''s action roles', 'actor', 14, 1, NOW(), 'user002@example.com'),
('Top 5 Lucas Petrov performances', 'actor', 14, 2, NOW(), 'user002@example.com'),
('Why Lucas Petrov is a fan favorite', 'actor', 14, 3, NOW(), 'user003@example.com'),
('Favorite Lucas Petrov character', 'actor', 14, 4, NOW(), 'user004@example.com'),
('Lucas Petrov''s dramatic acting', 'actor', 14, 5, NOW(), 'user005@example.com'),
('Best quotes from Lucas Petrov movies', 'actor', 14, 6, NOW(), 'user006@example.com'),
('Lucas Petrov''s international success', 'actor', 14, 7, NOW(), 'user007@example.com'),
('Underrated Lucas Petrov roles', 'actor', 14, 8, NOW(), 'user008@example.com'),
('Why critics admire Lucas Petrov''s talent', 'actor', 14, 1, NOW(), 'user006@example.com'),
('Future projects of Lucas Petrov', 'actor', 14, 2, NOW(), 'user002@example.com'),
('Lucas Petrov''s career highlights', 'actor', 14, 3, NOW(), 'user003@example.com'),
('Charlotte Ivanova''s most iconic roles', 'actor', 15, 1, NOW(), 'user007@example.com'),
('Top 5 Charlotte Ivanova performances', 'actor', 15, 2, NOW(), 'user002@example.com'),
('Why Charlotte Ivanova is admired', 'actor', 15, 3, NOW(), 'user003@example.com'),
('Favorite Charlotte Ivanova scene', 'actor', 15, 4, NOW(), 'user004@example.com'),
('Charlotte Ivanova''s influence on drama', 'actor', 15, 5, NOW(), 'user005@example.com'),
('Best Charlotte Ivanova quotes', 'actor', 15, 6, NOW(), 'user006@example.com'),
('Charlotte Ivanova''s versatility in acting', 'actor', 15, 7, NOW(), 'user007@example.com'),
('Underrated Charlotte Ivanova roles', 'actor', 15, 8, NOW(), 'user008@example.com'),
('Why fans love Charlotte Ivanova''s acting', 'actor', 15, 1, NOW(), 'user007@example.com'),
('Future projects of Charlotte Ivanova', 'actor', 15, 2, NOW(), 'user002@example.com'),
('Charlotte Ivanova''s international recognition', 'actor', 15, 3, NOW(), 'user003@example.com')
ON CONFLICT DO NOTHING;

INSERT INTO topic (title, entity_type, entity_id, user_id, created_at, created_by) VALUES
('Best movies directed by Director 1', 'director', 1, 1, NOW(), 'user008@example.com'),
('Why Director 1 deserves more recognition', 'director', 1, 2, NOW(), 'user002@example.com'),
('Top 5 Director 1 films', 'director', 1, 3, NOW(), 'user003@example.com'),
('Director 1''s style of directing', 'director', 1, 4, NOW(), 'user004@example.com'),
('Most underrated Director 1 movie', 'director', 1, 5, NOW(), 'user005@example.com'),
('Director 1''s collaborations with famous actors', 'director', 1, 6, NOW(), 'user006@example.com'),
('Favorite Director 1 quotes about cinema', 'director', 1, 7, NOW(), 'user007@example.com'),
('Director 1''s award-winning films', 'director', 1, 8, NOW(), 'user008@example.com'),
('Future projects of Director 1', 'director', 1, 1, NOW(), 'user008@example.com'),
('How influential is Director 1?', 'director', 1, 2, NOW(), 'user002@example.com'),
('Director 1''s contribution to modern cinema', 'director', 1, 3, NOW(), 'user003@example.com'),
('What makes Director 1''s movies unique?', 'director', 1, 4, NOW(), 'user004@example.com'),
('Is Director 1 among the greatest directors?', 'director', 1, 5, NOW(), 'user005@example.com'),
('Director 1''s best dramatic films', 'director', 1, 6, NOW(), 'user006@example.com'),
('Why audiences love Director 1''s movies', 'director', 1, 7, NOW(), 'user007@example.com'),
('Best movies directed by Director 2', 'director', 2, 1, NOW(), 'user008@example.com'),
('Why Director 2 deserves more recognition', 'director', 2, 2, NOW(), 'user002@example.com'),
('Top 5 Director 2 films', 'director', 2, 3, NOW(), 'user003@example.com'),
('Director 2''s style of directing', 'director', 2, 4, NOW(), 'user004@example.com'),
('Most underrated Director 2 movie', 'director', 2, 5, NOW(), 'user005@example.com'),
('Director 2''s collaborations with famous actors', 'director', 2, 6, NOW(), 'user006@example.com'),
('Favorite Director 2 quotes about cinema', 'director', 2, 7, NOW(), 'user007@example.com'),
('Director 2''s award-winning films', 'director', 2, 8, NOW(), 'user008@example.com'),
('Future projects of Director 2', 'director', 2, 1, NOW(), 'user008@example.com'),
('How influential is Director 2?', 'director', 2, 2, NOW(), 'user002@example.com'),
('Director 2''s contribution to modern cinema', 'director', 2, 3, NOW(), 'user003@example.com'),
('What makes Director 2''s movies unique?', 'director', 2, 4, NOW(), 'user004@example.com'),
('Is Director 2 among the greatest directors?', 'director', 2, 5, NOW(), 'user005@example.com'),
('Director 2''s best dramatic films', 'director', 2, 6, NOW(), 'user006@example.com'),
('Why audiences love Director 2''s movies', 'director', 2, 7, NOW(), 'user007@example.com'),
('Best movies directed by Director 3', 'director', 3, 1, NOW(), 'user008@example.com'),
('Why Director 3 deserves more recognition', 'director', 3, 2, NOW(), 'user002@example.com'),
('Top 5 Director 3 films', 'director', 3, 3, NOW(), 'user003@example.com'),
('Director 3''s style of directing', 'director', 3, 4, NOW(), 'user004@example.com'),
('Most underrated Director 3 movie', 'director', 3, 5, NOW(), 'user005@example.com'),
('Director 3''s collaborations with famous actors', 'director', 3, 6, NOW(), 'user006@example.com'),
('Favorite Director 3 quotes about cinema', 'director', 3, 7, NOW(), 'user007@example.com'),
('Director 3''s award-winning films', 'director', 3, 8, NOW(), 'user008@example.com'),
('Future projects of Director 3', 'director', 3, 1, NOW(), 'user008@example.com'),
('How influential is Director 3?', 'director', 3, 2, NOW(), 'user002@example.com'),
('Director 3''s contribution to modern cinema', 'director', 3, 3, NOW(), 'user003@example.com'),
('What makes Director 3''s movies unique?', 'director', 3, 4, NOW(), 'user004@example.com'),
('Is Director 3 among the greatest directors?', 'director', 3, 5, NOW(), 'user005@example.com'),
('Director 3''s best dramatic films', 'director', 3, 6, NOW(), 'user006@example.com'),
('Why audiences love Director 3''s movies', 'director', 3, 7, NOW(), 'user007@example.com'),
('Best movies directed by Director 4', 'director', 4, 1, NOW(), 'user008@example.com'),
('Why Director 4 deserves more recognition', 'director', 4, 2, NOW(), 'user002@example.com'),
('Top 5 Director 4 films', 'director', 4, 3, NOW(), 'user003@example.com'),
('Director 4''s style of directing', 'director', 4, 4, NOW(), 'user004@example.com'),
('Most underrated Director 4 movie', 'director', 4, 5, NOW(), 'user005@example.com'),
('Director 4''s collaborations with famous actors', 'director', 4, 6, NOW(), 'user006@example.com'),
('Favorite Director 4 quotes about cinema', 'director', 4, 7, NOW(), 'user007@example.com'),
('Director 4''s award-winning films', 'director', 4, 8, NOW(), 'user008@example.com'),
('Future projects of Director 4', 'director', 4, 1, NOW(), 'user008@example.com'),
('How influential is Director 4?', 'director', 4, 2, NOW(), 'user002@example.com'),
('Director 4''s contribution to modern cinema', 'director', 4, 3, NOW(), 'user003@example.com'),
('What makes Director 4''s movies unique?', 'director', 4, 4, NOW(), 'user004@example.com'),
('Is Director 4 among the greatest directors?', 'director', 4, 5, NOW(), 'user005@example.com'),
('Director 4''s best dramatic films', 'director', 4, 6, NOW(), 'user006@example.com'),
('Why audiences love Director 4''s movies', 'director', 4, 7, NOW(), 'user007@example.com'),
('Best movies directed by Director 5', 'director', 5, 1, NOW(), 'user008@example.com'),
('Why Director 5 deserves more recognition', 'director', 5, 2, NOW(), 'user002@example.com'),
('Top 5 Director 5 films', 'director', 5, 3, NOW(), 'user003@example.com'),
('Director 5''s style of directing', 'director', 5, 4, NOW(), 'user004@example.com'),
('Most underrated Director 5 movie', 'director', 5, 5, NOW(), 'user005@example.com'),
('Director 5''s collaborations with famous actors', 'director', 5, 6, NOW(), 'user006@example.com'),
('Favorite Director 5 quotes about cinema', 'director', 5, 7, NOW(), 'user007@example.com'),
('Director 5''s award-winning films', 'director', 5, 8, NOW(), 'user008@example.com'),
('Future projects of Director 5', 'director', 5, 1, NOW(), 'user008@example.com'),
('How influential is Director 5?', 'director', 5, 2, NOW(), 'user002@example.com'),
('Director 5''s contribution to modern cinema', 'director', 5, 3, NOW(), 'user003@example.com'),
('What makes Director 5''s movies unique?', 'director', 5, 4, NOW(), 'user004@example.com'),
('Is Director 5 among the greatest directors?', 'director', 5, 5, NOW(), 'user005@example.com'),
('Director 5''s best dramatic films', 'director', 5, 6, NOW(), 'user006@example.com'),
('Why audiences love Director 5''s movies', 'director', 5, 7, NOW(), 'user007@example.com'),
('Best movies directed by Director 6', 'director', 6, 1, NOW(), 'user008@example.com'),
('Why Director 6 deserves more recognition', 'director', 6, 2, NOW(), 'user002@example.com'),
('Top 5 Director 6 films', 'director', 6, 3, NOW(), 'user003@example.com'),
('Director 6''s style of directing', 'director', 6, 4, NOW(), 'user004@example.com'),
('Most underrated Director 6 movie', 'director', 6, 5, NOW(), 'user005@example.com'),
('Director 6''s collaborations with famous actors', 'director', 6, 6, NOW(), 'user006@example.com'),
('Favorite Director 6 quotes about cinema', 'director', 6, 7, NOW(), 'user007@example.com'),
('Director 6''s award-winning films', 'director', 6, 8, NOW(), 'user008@example.com'),
('Future projects of Director 6', 'director', 6, 1, NOW(), 'user008@example.com'),
('How influential is Director 6?', 'director', 6, 2, NOW(), 'user002@example.com'),
('Director 6''s contribution to modern cinema', 'director', 6, 3, NOW(), 'user003@example.com'),
('What makes Director 6''s movies unique?', 'director', 6, 4, NOW(), 'user004@example.com'),
('Is Director 6 among the greatest directors?', 'director', 6, 5, NOW(), 'user005@example.com'),
('Director 6''s best dramatic films', 'director', 6, 6, NOW(), 'user006@example.com'),
('Why audiences love Director 6''s movies', 'director', 6, 7, NOW(), 'user007@example.com'),
('Best movies directed by Director 7', 'director', 7, 1, NOW(), 'user008@example.com'),
('Why Director 7 deserves more recognition', 'director', 7, 2, NOW(), 'user002@example.com'),
('Top 5 Director 7 films', 'director', 7, 3, NOW(), 'user003@example.com'),
('Director 7''s style of directing', 'director', 7, 4, NOW(), 'user004@example.com'),
('Most underrated Director 7 movie', 'director', 7, 5, NOW(), 'user005@example.com'),
('Director 7''s collaborations with famous actors', 'director', 7, 6, NOW(), 'user006@example.com'),
('Favorite Director 7 quotes about cinema', 'director', 7, 7, NOW(), 'user007@example.com'),
('Director 7''s award-winning films', 'director', 7, 8, NOW(), 'user008@example.com'),
('Future projects of Director 7', 'director', 7, 1, NOW(), 'user008@example.com'),
('How influential is Director 7?', 'director', 7, 2, NOW(), 'user002@example.com'),
('Director 7''s contribution to modern cinema', 'director', 7, 3, NOW(), 'user003@example.com'),
('What makes Director 7''s movies unique?', 'director', 7, 4, NOW(), 'user004@example.com'),
('Is Director 7 among the greatest directors?', 'director', 7, 5, NOW(), 'user005@example.com'),
('Director 7''s best dramatic films', 'director', 7, 6, NOW(), 'user006@example.com'),
('Why audiences love Director 7''s movies', 'director', 7, 7, NOW(), 'user007@example.com'),
('Best movies directed by Director 8', 'director', 8, 1, NOW(), 'user008@example.com'),
('Why Director 8 deserves more recognition', 'director', 8, 2, NOW(), 'user002@example.com'),
('Top 5 Director 8 films', 'director', 8, 3, NOW(), 'user003@example.com'),
('Director 8''s style of directing', 'director', 8, 4, NOW(), 'user004@example.com'),
('Most underrated Director 8 movie', 'director', 8, 5, NOW(), 'user005@example.com'),
('Director 8''s collaborations with famous actors', 'director', 8, 6, NOW(), 'user006@example.com'),
('Favorite Director 8 quotes about cinema', 'director', 8, 7, NOW(), 'user007@example.com'),
('Director 8''s award-winning films', 'director', 8, 8, NOW(), 'user008@example.com'),
('Future projects of Director 8', 'director', 8, 1, NOW(), 'user008@example.com'),
('How influential is Director 8?', 'director', 8, 2, NOW(), 'user002@example.com'),
('Director 8''s contribution to modern cinema', 'director', 8, 3, NOW(), 'user003@example.com'),
('What makes Director 8''s movies unique?', 'director', 8, 4, NOW(), 'user004@example.com'),
('Is Director 8 among the greatest directors?', 'director', 8, 5, NOW(), 'user005@example.com'),
('Director 8''s best dramatic films', 'director', 8, 6, NOW(), 'user006@example.com'),
('Why audiences love Director 8''s movies', 'director', 8, 7, NOW(), 'user007@example.com'),
('Best movies directed by Director 9', 'director', 9, 1, NOW(), 'user008@example.com'),
('Why Director 9 deserves more recognition', 'director', 9, 2, NOW(), 'user002@example.com'),
('Top 5 Director 9 films', 'director', 9, 3, NOW(), 'user003@example.com'),
('Director 9''s style of directing', 'director', 9, 4, NOW(), 'user004@example.com'),
('Most underrated Director 9 movie', 'director', 9, 5, NOW(), 'user005@example.com'),
('Director 9''s collaborations with famous actors', 'director', 9, 6, NOW(), 'user006@example.com'),
('Favorite Director 9 quotes about cinema', 'director', 9, 7, NOW(), 'user007@example.com'),
('Director 9''s award-winning films', 'director', 9, 8, NOW(), 'user008@example.com'),
('Future projects of Director 9', 'director', 9, 1, NOW(), 'user008@example.com'),
('How influential is Director 9?', 'director', 9, 2, NOW(), 'user002@example.com'),
('Director 9''s contribution to modern cinema', 'director', 9, 3, NOW(), 'user003@example.com'),
('What makes Director 9''s movies unique?', 'director', 9, 4, NOW(), 'user004@example.com'),
('Is Director 9 among the greatest directors?', 'director', 9, 5, NOW(), 'user005@example.com'),
('Director 9''s best dramatic films', 'director', 9, 6, NOW(), 'user006@example.com'),
('Why audiences love Director 9''s movies', 'director', 9, 7, NOW(), 'user007@example.com'),
('Best movies directed by Director 10', 'director', 10, 1, NOW(), 'user008@example.com'),
('Why Director 10 deserves more recognition', 'director', 10, 2, NOW(), 'user002@example.com'),
('Top 5 Director 10 films', 'director', 10, 3, NOW(), 'user003@example.com'),
('Director 10''s style of directing', 'director', 10, 4, NOW(), 'user004@example.com'),
('Most underrated Director 10 movie', 'director', 10, 5, NOW(), 'user005@example.com'),
('Director 10''s collaborations with famous actors', 'director', 10, 6, NOW(), 'user006@example.com'),
('Favorite Director 10 quotes about cinema', 'director', 10, 7, NOW(), 'user007@example.com'),
('Director 10''s award-winning films', 'director', 10, 8, NOW(), 'user008@example.com'),
('Future projects of Director 10', 'director', 10, 1, NOW(), 'user008@example.com'),
('How influential is Director 10?', 'director', 10, 2, NOW(), 'user002@example.com'),
('Director 10''s contribution to modern cinema', 'director', 10, 3, NOW(), 'user003@example.com'),
('What makes Director 10''s movies unique?', 'director', 10, 4, NOW(), 'user004@example.com'),
('Is Director 10 among the greatest directors?', 'director', 10, 5, NOW(), 'user005@example.com'),
('Director 10''s best dramatic films', 'director', 10, 6, NOW(), 'user006@example.com'),
('Why audiences love Director 10''s movies', 'director', 10, 7, NOW(), 'user007@example.com'),
('Best movies directed by Director 11', 'director', 11, 1, NOW(), 'user008@example.com'),
('Why Director 11 deserves more recognition', 'director', 11, 2, NOW(), 'user002@example.com'),
('Top 5 Director 11 films', 'director', 11, 3, NOW(), 'user003@example.com'),
('Director 11''s style of directing', 'director', 11, 4, NOW(), 'user004@example.com'),
('Most underrated Director 11 movie', 'director', 11, 5, NOW(), 'user005@example.com'),
('Director 11''s collaborations with famous actors', 'director', 11, 6, NOW(), 'user006@example.com'),
('Favorite Director 11 quotes about cinema', 'director', 11, 7, NOW(), 'user007@example.com'),
('Director 11''s award-winning films', 'director', 11, 8, NOW(), 'user008@example.com'),
('Future projects of Director 11', 'director', 11, 1, NOW(), 'user008@example.com'),
('How influential is Director 11?', 'director', 11, 2, NOW(), 'user002@example.com'),
('Director 11''s contribution to modern cinema', 'director', 11, 3, NOW(), 'user003@example.com'),
('What makes Director 11''s movies unique?', 'director', 11, 4, NOW(), 'user004@example.com'),
('Is Director 11 among the greatest directors?', 'director', 11, 5, NOW(), 'user005@example.com'),
('Director 11''s best dramatic films', 'director', 11, 6, NOW(), 'user006@example.com'),
('Why audiences love Director 11''s movies', 'director', 11, 7, NOW(), 'user007@example.com'),
('Best movies directed by Director 12', 'director', 12, 1, NOW(), 'user008@example.com'),
('Why Director 12 deserves more recognition', 'director', 12, 2, NOW(), 'user002@example.com'),
('Top 5 Director 12 films', 'director', 12, 3, NOW(), 'user003@example.com'),
('Director 12''s style of directing', 'director', 12, 4, NOW(), 'user004@example.com'),
('Most underrated Director 12 movie', 'director', 12, 5, NOW(), 'user005@example.com'),
('Director 12''s collaborations with famous actors', 'director', 12, 6, NOW(), 'user006@example.com'),
('Favorite Director 12 quotes about cinema', 'director', 12, 7, NOW(), 'user007@example.com'),
('Director 12''s award-winning films', 'director', 12, 8, NOW(), 'user008@example.com'),
('Future projects of Director 12', 'director', 12, 1, NOW(), 'user008@example.com'),
('How influential is Director 12?', 'director', 12, 2, NOW(), 'user002@example.com'),
('Director 12''s contribution to modern cinema', 'director', 12, 3, NOW(), 'user003@example.com'),
('What makes Director 12''s movies unique?', 'director', 12, 4, NOW(), 'user004@example.com'),
('Is Director 12 among the greatest directors?', 'director', 12, 5, NOW(), 'user005@example.com'),
('Director 12''s best dramatic films', 'director', 12, 6, NOW(), 'user006@example.com'),
('Why audiences love Director 12''s movies', 'director', 12, 7, NOW(), 'user007@example.com'),
('Best movies directed by Director 13', 'director', 13, 1, NOW(), 'user008@example.com'),
('Why Director 13 deserves more recognition', 'director', 13, 2, NOW(), 'user002@example.com'),
('Top 5 Director 13 films', 'director', 13, 3, NOW(), 'user003@example.com'),
('Director 13''s style of directing', 'director', 13, 4, NOW(), 'user004@example.com'),
('Most underrated Director 13 movie', 'director', 13, 5, NOW(), 'user005@example.com'),
('Director 13''s collaborations with famous actors', 'director', 13, 6, NOW(), 'user006@example.com'),
('Favorite Director 13 quotes about cinema', 'director', 13, 7, NOW(), 'user007@example.com'),
('Director 13''s award-winning films', 'director', 13, 8, NOW(), 'user008@example.com'),
('Future projects of Director 13', 'director', 13, 1, NOW(), 'user008@example.com'),
('How influential is Director 13?', 'director', 13, 2, NOW(), 'user002@example.com'),
('Director 13''s contribution to modern cinema', 'director', 13, 3, NOW(), 'user003@example.com'),
('What makes Director 13''s movies unique?', 'director', 13, 4, NOW(), 'user004@example.com'),
('Is Director 13 among the greatest directors?', 'director', 13, 5, NOW(), 'user005@example.com'),
('Director 13''s best dramatic films', 'director', 13, 6, NOW(), 'user006@example.com'),
('Why audiences love Director 13''s movies', 'director', 13, 7, NOW(), 'user007@example.com'),
('Best movies directed by Director 14', 'director', 14, 1, NOW(), 'user008@example.com'),
('Why Director 14 deserves more recognition', 'director', 14, 2, NOW(), 'user002@example.com'),
('Top 5 Director 14 films', 'director', 14, 3, NOW(), 'user003@example.com'),
('Director 14''s style of directing', 'director', 14, 4, NOW(), 'user004@example.com'),
('Most underrated Director 14 movie', 'director', 14, 5, NOW(), 'user005@example.com'),
('Director 14''s collaborations with famous actors', 'director', 14, 6, NOW(), 'user006@example.com'),
('Favorite Director 14 quotes about cinema', 'director', 14, 7, NOW(), 'user007@example.com'),
('Director 14''s award-winning films', 'director', 14, 8, NOW(), 'user008@example.com'),
('Future projects of Director 14', 'director', 14, 1, NOW(), 'user008@example.com'),
('How influential is Director 14?', 'director', 14, 2, NOW(), 'user002@example.com'),
('Director 14''s contribution to modern cinema', 'director', 14, 3, NOW(), 'user003@example.com'),
('What makes Director 14''s movies unique?', 'director', 14, 4, NOW(), 'user004@example.com'),
('Is Director 14 among the greatest directors?', 'director', 14, 5, NOW(), 'user005@example.com'),
('Director 14''s best dramatic films', 'director', 14, 6, NOW(), 'user006@example.com'),
('Why audiences love Director 14''s movies', 'director', 14, 7, NOW(), 'user007@example.com'),
('Best movies directed by Director 15', 'director', 15, 1, NOW(), 'user008@example.com'),
('Why Director 15 deserves more recognition', 'director', 15, 2, NOW(), 'user002@example.com'),
('Top 5 Director 15 films', 'director', 15, 3, NOW(), 'user003@example.com'),
('Director 15''s style of directing', 'director', 15, 4, NOW(), 'user004@example.com'),
('Most underrated Director 15 movie', 'director', 15, 5, NOW(), 'user005@example.com'),
('Director 15''s collaborations with famous actors', 'director', 15, 6, NOW(), 'user006@example.com'),
('Favorite Director 15 quotes about cinema', 'director', 15, 7, NOW(), 'user007@example.com'),
('Director 15''s award-winning films', 'director', 15, 8, NOW(), 'user008@example.com'),
('Future projects of Director 15', 'director', 15, 1, NOW(), 'user008@example.com'),
('How influential is Director 15?', 'director', 15, 2, NOW(), 'user002@example.com'),
('Director 15''s contribution to modern cinema', 'director', 15, 3, NOW(), 'user003@example.com'),
('What makes Director 15''s movies unique?', 'director', 15, 4, NOW(), 'user004@example.com'),
('Is Director 15 among the greatest directors?', 'director', 15, 5, NOW(), 'user005@example.com'),
('Director 15''s best dramatic films', 'director', 15, 6, NOW(), 'user006@example.com'),
('Why audiences love Director 15''s movies', 'director', 15, 7, NOW(), 'user007@example.com')
ON CONFLICT DO NOTHING;

INSERT INTO comment (text, comment_id_in_post, is_reply, replied_comment_id, topic_id, user_id, created_at, created_by) VALUES
('Comment 1 on topic about The Shawshank Redemption', 1, false, NULL, 1, 1, NOW(), 'user002'),
('Comment 2 on topic about The Shawshank Redemption', 2, false, NULL, 1, 5, NOW(), 'user005'),
('Comment 3 on topic about The Shawshank Redemption', 3, false, NULL, 1, 7, NOW(), 'user007'),
('Comment 4 on topic about The Shawshank Redemption', 4, false, NULL, 1, 3, NOW(), 'user003'),
('Comment 5 on topic about The Shawshank Redemption', 5, false, NULL, 1, 1, NOW(), 'user004'),
('Comment 6 on topic about The Shawshank Redemption', 6, false, NULL, 1, 3, NOW(), 'user003'),
('Comment 7 on topic about The Shawshank Redemption', 7, false, NULL, 1, 6, NOW(), 'user006'),
('Comment 8 on topic about The Shawshank Redemption', 8, false, NULL, 1, 2, NOW(), 'user002'),
('Comment 9 on topic about The Shawshank Redemption', 9, false, NULL, 1, 7, NOW(), 'user007'),
('Comment 10 on topic about The Shawshank Redemption', 10, false, NULL, 1, 4, NOW(), 'user004'),
('Comment 11 on topic about The Shawshank Redemption', 11, false, NULL, 1, 4, NOW(), 'user004'),
('Comment 12 on topic about The Shawshank Redemption', 12, false, NULL, 1, 3, NOW(), 'user003'),
('Comment 1 on topic about The Godfather', 1, false, NULL, 2, 2, NOW(), 'user002'),
('Comment 2 on topic about The Godfather', 2, false, NULL, 2, 3, NOW(), 'user003'),
('Comment 3 on topic about The Godfather', 3, false, NULL, 2, 6, NOW(), 'user006'),
('Comment 4 on topic about The Godfather', 4, false, NULL, 2, 7, NOW(), 'user007'),
('Comment 5 on topic about The Godfather', 5, false, NULL, 2, 6, NOW(), 'user006'),
('Comment 6 on topic about The Godfather', 6, false, NULL, 2, 6, NOW(), 'user006'),
('Comment 7 on topic about The Godfather', 7, false, NULL, 2, 1, NOW(), 'user002'),
('Comment 8 on topic about The Godfather', 8, false, NULL, 2, 7, NOW(), 'user007'),
('Comment 9 on topic about The Godfather', 9, false, NULL, 2, 2, NOW(), 'user002'),
('Comment 10 on topic about The Godfather', 10, false, NULL, 2, 1, NOW(), 'user005'),
('Comment 11 on topic about The Godfather', 11, false, NULL, 2, 4, NOW(), 'user004'),
('Comment 12 on topic about The Godfather', 12, false, NULL, 2, 5, NOW(), 'user005'),
('Comment 1 on topic about The Dark Knight', 1, false, NULL, 3, 3, NOW(), 'user003'),
('Comment 2 on topic about The Dark Knight', 2, false, NULL, 3, 6, NOW(), 'user006'),
('Comment 3 on topic about The Dark Knight', 3, false, NULL, 3, 6, NOW(), 'user006'),
('Comment 4 on topic about The Dark Knight', 4, false, NULL, 3, 1, NOW(), 'user007'),
('Comment 5 on topic about The Dark Knight', 5, false, NULL, 3, 3, NOW(), 'user003'),
('Comment 6 on topic about The Dark Knight', 6, false, NULL, 3, 1, NOW(), 'user008'),
('Comment 7 on topic about The Dark Knight', 7, false, NULL, 3, 3, NOW(), 'user003'),
('Comment 8 on topic about The Dark Knight', 8, false, NULL, 3, 4, NOW(), 'user004'),
('Comment 9 on topic about The Dark Knight', 9, false, NULL, 3, 6, NOW(), 'user006'),
('Comment 10 on topic about The Dark Knight', 10, false, NULL, 3, 8, NOW(), 'user008'),
('Comment 11 on topic about The Dark Knight', 11, false, NULL, 3, 1, NOW(), 'user003'),
('Comment 12 on topic about The Dark Knight', 12, false, NULL, 3, 2, NOW(), 'user002'),
('Comment 1 on topic about Pulp Fiction', 1, false, NULL, 4, 4, NOW(), 'user004'),
('Comment 2 on topic about Pulp Fiction', 2, false, NULL, 4, 3, NOW(), 'user003'),
('Comment 3 on topic about Pulp Fiction', 3, false, NULL, 4, 1, NOW(), 'user005'),
('Comment 4 on topic about Pulp Fiction', 4, false, NULL, 4, 3, NOW(), 'user003'),
('Comment 5 on topic about Pulp Fiction', 5, false, NULL, 4, 1, NOW(), 'user002'),
('Comment 6 on topic about Pulp Fiction', 6, false, NULL, 4, 2, NOW(), 'user002'),
('Comment 7 on topic about Pulp Fiction', 7, false, NULL, 4, 3, NOW(), 'user003'),
('Comment 8 on topic about Pulp Fiction', 8, false, NULL, 4, 8, NOW(), 'user008'),
('Comment 9 on topic about Pulp Fiction', 9, false, NULL, 4, 5, NOW(), 'user005'),
('Comment 10 on topic about Pulp Fiction', 10, false, NULL, 4, 3, NOW(), 'user003'),
('Comment 11 on topic about Pulp Fiction', 11, false, NULL, 4, 3, NOW(), 'user003'),
('Comment 12 on topic about Pulp Fiction', 12, false, NULL, 4, 8, NOW(), 'user008'),
('Comment 1 on topic about Forrest Gump', 1, false, NULL, 5, 5, NOW(), 'user005'),
('Comment 2 on topic about Forrest Gump', 2, false, NULL, 5, 8, NOW(), 'user008'),
('Comment 3 on topic about Forrest Gump', 3, false, NULL, 5, 5, NOW(), 'user005'),
('Comment 4 on topic about Forrest Gump', 4, false, NULL, 5, 1, NOW(), 'user004'),
('Comment 5 on topic about Forrest Gump', 5, false, NULL, 5, 1, NOW(), 'user007'),
('Comment 6 on topic about Forrest Gump', 6, false, NULL, 5, 5, NOW(), 'user005'),
('Comment 7 on topic about Forrest Gump', 7, false, NULL, 5, 1, NOW(), 'user006'),
('Comment 8 on topic about Forrest Gump', 8, false, NULL, 5, 2, NOW(), 'user002'),
('Comment 9 on topic about Forrest Gump', 9, false, NULL, 5, 6, NOW(), 'user006'),
('Comment 10 on topic about Forrest Gump', 10, false, NULL, 5, 8, NOW(), 'user008'),
('Comment 11 on topic about Forrest Gump', 11, false, NULL, 5, 4, NOW(), 'user004'),
('Comment 12 on topic about Forrest Gump', 12, false, NULL, 5, 3, NOW(), 'user003'),
('Comment 1 on topic about Inception', 1, false, NULL, 6, 6, NOW(), 'user006'),
('Comment 2 on topic about Inception', 2, false, NULL, 6, 8, NOW(), 'user008'),
('Comment 3 on topic about Inception', 3, false, NULL, 6, 2, NOW(), 'user002'),
('Comment 4 on topic about Inception', 4, false, NULL, 6, 6, NOW(), 'user006'),
('Comment 5 on topic about Inception', 5, false, NULL, 6, 4, NOW(), 'user004'),
('Comment 6 on topic about Inception', 6, false, NULL, 6, 7, NOW(), 'user007'),
('Comment 7 on topic about Inception', 7, false, NULL, 6, 3, NOW(), 'user003'),
('Comment 8 on topic about Inception', 8, false, NULL, 6, 7, NOW(), 'user007'),
('Comment 9 on topic about Inception', 9, false, NULL, 6, 3, NOW(), 'user003'),
('Comment 10 on topic about Inception', 10, false, NULL, 6, 8, NOW(), 'user008'),
('Comment 11 on topic about Inception', 11, false, NULL, 6, 3, NOW(), 'user003'),
('Comment 12 on topic about Inception', 12, false, NULL, 6, 1, NOW(), 'user003'),
('Comment 1 on topic about Fight Club', 1, false, NULL, 7, 7, NOW(), 'user007'),
('Comment 2 on topic about Fight Club', 2, false, NULL, 7, 4, NOW(), 'user004'),
('Comment 3 on topic about Fight Club', 3, false, NULL, 7, 1, NOW(), 'user002'),
('Comment 4 on topic about Fight Club', 4, false, NULL, 7, 8, NOW(), 'user008'),
('Comment 5 on topic about Fight Club', 5, false, NULL, 7, 1, NOW(), 'user004'),
('Comment 6 on topic about Fight Club', 6, false, NULL, 7, 4, NOW(), 'user004'),
('Comment 7 on topic about Fight Club', 7, false, NULL, 7, 6, NOW(), 'user006'),
('Comment 8 on topic about Fight Club', 8, false, NULL, 7, 8, NOW(), 'user008'),
('Comment 9 on topic about Fight Club', 9, false, NULL, 7, 3, NOW(), 'user003'),
('Comment 10 on topic about Fight Club', 10, false, NULL, 7, 5, NOW(), 'user005'),
('Comment 11 on topic about Fight Club', 11, false, NULL, 7, 2, NOW(), 'user002'),
('Comment 12 on topic about Fight Club', 12, false, NULL, 7, 7, NOW(), 'user007'),
('Comment 1 on topic about The Matrix', 1, false, NULL, 8, 8, NOW(), 'user008'),
('Comment 2 on topic about The Matrix', 2, false, NULL, 8, 5, NOW(), 'user005'),
('Comment 3 on topic about The Matrix', 3, false, NULL, 8, 7, NOW(), 'user007'),
('Comment 4 on topic about The Matrix', 4, false, NULL, 8, 5, NOW(), 'user005'),
('Comment 5 on topic about The Matrix', 5, false, NULL, 8, 3, NOW(), 'user003'),
('Comment 6 on topic about The Matrix', 6, false, NULL, 8, 6, NOW(), 'user006'),
('Comment 7 on topic about The Matrix', 7, false, NULL, 8, 8, NOW(), 'user008'),
('Comment 8 on topic about The Matrix', 8, false, NULL, 8, 8, NOW(), 'user008'),
('Comment 9 on topic about The Matrix', 9, false, NULL, 8, 5, NOW(), 'user005'),
('Comment 10 on topic about The Matrix', 10, false, NULL, 8, 7, NOW(), 'user007'),
('Comment 11 on topic about The Matrix', 11, false, NULL, 8, 2, NOW(), 'user002'),
('Comment 12 on topic about The Matrix', 12, false, NULL, 8, 3, NOW(), 'user003'),
('Comment 1 on topic about Goodfellas', 1, false, NULL, 9, 1, NOW(), 'user005'),
('Comment 2 on topic about Goodfellas', 2, false, NULL, 9, 5, NOW(), 'user005'),
('Comment 3 on topic about Goodfellas', 3, false, NULL, 9, 7, NOW(), 'user007'),
('Comment 4 on topic about Goodfellas', 4, false, NULL, 9, 7, NOW(), 'user007'),
('Comment 5 on topic about Goodfellas', 5, false, NULL, 9, 2, NOW(), 'user002'),
('Comment 6 on topic about Goodfellas', 6, false, NULL, 9, 2, NOW(), 'user002'),
('Comment 7 on topic about Goodfellas', 7, false, NULL, 9, 3, NOW(), 'user003'),
('Comment 8 on topic about Goodfellas', 8, false, NULL, 9, 5, NOW(), 'user005'),
('Comment 9 on topic about Goodfellas', 9, false, NULL, 9, 2, NOW(), 'user002'),
('Comment 10 on topic about Goodfellas', 10, false, NULL, 9, 5, NOW(), 'user005'),
('Comment 11 on topic about Goodfellas', 11, false, NULL, 9, 3, NOW(), 'user003'),
('Comment 12 on topic about Goodfellas', 12, false, NULL, 9, 2, NOW(), 'user002'),
('Comment 1 on topic about The Lord of the Rings: The Fellowship of the Ring', 1, false, NULL, 10, 2, NOW(), 'user002'),
('Comment 2 on topic about The Lord of the Rings: The Fellowship of the Ring', 2, false, NULL, 10, 4, NOW(), 'user004'),
('Comment 3 on topic about The Lord of the Rings: The Fellowship of the Ring', 3, false, NULL, 10, 5, NOW(), 'user005'),
('Comment 4 on topic about The Lord of the Rings: The Fellowship of the Ring', 4, false, NULL, 10, 2, NOW(), 'user002'),
('Comment 5 on topic about The Lord of the Rings: The Fellowship of the Ring', 5, false, NULL, 10, 2, NOW(), 'user002'),
('Comment 6 on topic about The Lord of the Rings: The Fellowship of the Ring', 6, false, NULL, 10, 6, NOW(), 'user006'),
('Comment 7 on topic about The Lord of the Rings: The Fellowship of the Ring', 7, false, NULL, 10, 3, NOW(), 'user003'),
('Comment 8 on topic about The Lord of the Rings: The Fellowship of the Ring', 8, false, NULL, 10, 8, NOW(), 'user008'),
('Comment 9 on topic about The Lord of the Rings: The Fellowship of the Ring', 9, false, NULL, 10, 7, NOW(), 'user007'),
('Comment 10 on topic about The Lord of the Rings: The Fellowship of the Ring', 10, false, NULL, 10, 6, NOW(), 'user006'),
('Comment 11 on topic about The Lord of the Rings: The Fellowship of the Ring', 11, false, NULL, 10, 4, NOW(), 'user004'),
('Comment 12 on topic about The Lord of the Rings: The Fellowship of the Ring', 12, false, NULL, 10, 6, NOW(), 'user006'),
('Comment 1 on topic about The Silence of the Lambs', 1, false, NULL, 11, 3, NOW(), 'user003'),
('Comment 2 on topic about The Silence of the Lambs', 2, false, NULL, 11, 1, NOW(), 'user007'),
('Comment 3 on topic about The Silence of the Lambs', 3, false, NULL, 11, 3, NOW(), 'user003'),
('Comment 4 on topic about The Silence of the Lambs', 4, false, NULL, 11, 1, NOW(), 'user008'),
('Comment 5 on topic about The Silence of the Lambs', 5, false, NULL, 11, 6, NOW(), 'user006'),
('Comment 6 on topic about The Silence of the Lambs', 6, false, NULL, 11, 6, NOW(), 'user006'),
('Comment 7 on topic about The Silence of the Lambs', 7, false, NULL, 11, 5, NOW(), 'user005'),
('Comment 8 on topic about The Silence of the Lambs', 8, false, NULL, 11, 4, NOW(), 'user004'),
('Comment 9 on topic about The Silence of the Lambs', 9, false, NULL, 11, 7, NOW(), 'user007'),
('Comment 10 on topic about The Silence of the Lambs', 10, false, NULL, 11, 3, NOW(), 'user003'),
('Comment 11 on topic about The Silence of the Lambs', 11, false, NULL, 11, 6, NOW(), 'user006'),
('Comment 12 on topic about The Silence of the Lambs', 12, false, NULL, 11, 2, NOW(), 'user002'),
('Comment 1 on topic about Se7en', 1, false, NULL, 12, 4, NOW(), 'user004'),
('Comment 2 on topic about Se7en', 2, false, NULL, 12, 6, NOW(), 'user006'),
('Comment 3 on topic about Se7en', 3, false, NULL, 12, 6, NOW(), 'user006'),
('Comment 4 on topic about Se7en', 4, false, NULL, 12, 6, NOW(), 'user006'),
('Comment 5 on topic about Se7en', 5, false, NULL, 12, 1, NOW(), 'user005'),
('Comment 6 on topic about Se7en', 6, false, NULL, 12, 2, NOW(), 'user002'),
('Comment 7 on topic about Se7en', 7, false, NULL, 12, 3, NOW(), 'user003'),
('Comment 8 on topic about Se7en', 8, false, NULL, 12, 2, NOW(), 'user002'),
('Comment 9 on topic about Se7en', 9, false, NULL, 12, 4, NOW(), 'user004'),
('Comment 10 on topic about Se7en', 10, false, NULL, 12, 8, NOW(), 'user008'),
('Comment 11 on topic about Se7en', 11, false, NULL, 12, 8, NOW(), 'user008'),
('Comment 12 on topic about Se7en', 12, false, NULL, 12, 8, NOW(), 'user008')
ON CONFLICT DO NOTHING;

--INSERT INTO comment (text, comment_id_in_post, is_reply, replied_comment_id, topic_id, user_id, created_at, created_by) VALUES
--('Comment', SELECT FROM topic t WHERE topic_id = topic_id )

--INSERT INTO actor_rate (actor_rate_id, rate, actor_id, user_id) VALUES
--('1', '6', '2', '2');
--('2', '6', '2', '3');

--INSERT INTO user_roles (user_id, role_id)
--SELECT 1, 2
--WHERE NOT EXISTS (
--    SELECT 1 FROM user_roles
--    WHERE user_id = 1 AND role_id = 2
--);